departamento,aniomes,t2m,rh2m,prec
PIURA,200001,26.17,59.69,0.21
PIURA,200002,27.08,60.22,0.57
PIURA,200003,27.18,61.11,0.98
PIURA,200004,26.76,62.75,1.09
PIURA,200005,25.39,61.42,0.24
PIURA,200006,23.98,63.38,0.09
PIURA,200007,22.99,64.58,0.04
PIURA,200008,23.39,63.2,0.03
PIURA,200009,23.6,61.44,0.15
PIURA,200010,24.23,59.43,0.04
PIURA,200011,23.76,57.93,0.01
PIURA,200012,25.44,62.61,1.03
PIURA,200101,26.53,60.36,0.24
PIURA,200102,27.44,61.5,0.78
PIURA,200103,26.68,70.59,4.8
PIURA,200104,27.1,63.66,0.89
PIURA,200105,25.24,62.67,0.13
PIURA,200106,23.72,65.59,0.01
PIURA,200107,23.25,66.04,0.03
PIURA,200108,22.97,64.54,0.01
PIURA,200109,22.79,62.13,0
PIURA,200110,23.08,62.12,0.28
PIURA,200111,24.18,61.29,0.17
PIURA,200112,25.32,60.71,0.32
PIURA,200201,26.56,58.2,0.12
PIURA,200202,27.89,61.94,0.93
PIURA,200203,28.18,66.64,2.29
PIURA,200204,26.7,67.9,1.72
PIURA,200205,26.73,62.39,0.08
PIURA,200206,24.43,63.84,0.01
PIURA,200207,23.66,64.15,0.01
PIURA,200208,23.71,64.25,0.01
PIURA,200209,24.04,62.02,0.01
PIURA,200210,24.78,61.45,0.17
PIURA,200211,25.69,60.91,0.28
PIURA,200212,26.91,60.59,0.31
PIURA,200301,27.55,60.82,0.32
PIURA,200302,28.34,60.64,0.58
PIURA,200303,28.33,58.48,1
PIURA,200304,27.27,58.26,0.42
PIURA,200305,25.82,60.39,0.06
PIURA,200306,24.07,63.68,0.11
PIURA,200307,23.22,64.01,0.03
PIURA,200308,23.56,63.5,0
PIURA,200309,23.32,61.6,0.03
PIURA,200310,24.54,60.28,0.02
PIURA,200311,24.95,60.57,0.21
PIURA,200312,26.41,60.37,0.34
PIURA,200401,26.56,61.1,1.26
PIURA,200402,28.01,61.73,0.48
PIURA,200403,28.55,57.71,0.39
PIURA,200404,27.08,60.17,0.56
PIURA,200405,25.21,61.81,0.21
PIURA,200406,23.47,64.8,0.01
PIURA,200407,23.14,63.17,0.04
PIURA,200408,23.03,63.2,0
PIURA,200409,23.82,62.53,0.07
PIURA,200410,24.16,61.32,0.09
PIURA,200411,25.14,61.1,0.23
PIURA,200412,25.85,60.9,0.47
PIURA,200501,27.34,58.81,0.01
PIURA,200502,27.92,58.98,0.03
PIURA,200503,27.56,60.14,0.71
PIURA,200504,27.91,56.96,0.06
PIURA,200505,25.25,61.98,0.05
PIURA,200506,24.06,63.27,0.03
PIURA,200507,23.07,64.61,0
PIURA,200508,22.97,62.78,0
PIURA,200509,22.99,61.74,0
PIURA,200510,23.05,60.47,0.08
PIURA,200511,23.51,59.67,0.04
PIURA,200512,25.2,60.21,0.02
PIURA,200601,27.01,59.56,0.2
PIURA,200602,27.99,63.02,1.19
PIURA,200603,28.11,58.58,0.33
PIURA,200604,27.21,56.02,0.03
PIURA,200605,25.24,59.58,0.01
PIURA,200606,24.17,64.05,0.07
PIURA,200607,23.91,64.85,0.04
PIURA,200608,24.28,62.71,0.01
PIURA,200609,24.66,59.39,0
PIURA,200610,24.8,58.37,0
PIURA,200611,25.08,59.62,0.08
PIURA,200612,26.2,59.4,0.03
PIURA,200701,27.81,61.26,0.31
PIURA,200702,28.17,58.63,0
PIURA,200703,28.18,58.33,0.13
PIURA,200704,27.46,55.87,0.11
PIURA,200705,24.96,58.46,0.01
PIURA,200706,23.47,63.18,0.01
PIURA,200707,22.87,63.64,0.02
PIURA,200708,22.04,62.86,0.15
PIURA,200709,22.46,61.83,0.04
PIURA,200710,22.76,60.76,0.1
PIURA,200711,24.02,60.1,0.17
PIURA,200712,24.53,60.52,0.11
PIURA,200801,26.55,61.5,0.58
PIURA,200802,26.65,66.44,3.76
PIURA,200803,27.27,66.89,1.9
PIURA,200804,26.57,60.53,0.73
PIURA,200805,25.15,62.38,0.13
PIURA,200806,24.14,64.71,0.1
PIURA,200807,23.85,64.37,0.13
PIURA,200808,23.82,62.97,0.1
PIURA,200809,24.24,60.86,0.03
PIURA,200810,24.17,59.66,0.1
PIURA,200811,24.43,59.07,0.06
PIURA,200812,25.27,59.31,0
PIURA,200901,26.74,61.13,0.38
PIURA,200902,27.9,60.38,0.3
PIURA,200903,27.77,59.04,0.62
PIURA,200904,27.72,56.19,0.08
PIURA,200905,26,59.41,0.05
PIURA,200906,24.97,62.34,0.04
PIURA,200907,24.19,63.32,0.01
PIURA,200908,24.03,61.3,0.06
PIURA,200909,24.07,60.6,0.04
PIURA,200910,24.49,59.73,0.08
PIURA,200911,25.18,58.83,0.15
PIURA,200912,26.43,60.69,0.23
PIURA,201001,27.7,60.59,0.1
PIURA,201002,28.29,63.26,1.58
PIURA,201003,28.75,58.69,0.63
PIURA,201004,27.81,58.67,0.33
PIURA,201005,26.29,59.59,0.06
PIURA,201006,24.21,62.49,0.07
PIURA,201007,22.83,62.47,0
PIURA,201008,22.74,61.72,0.01
PIURA,201009,23,59.87,0.09
PIURA,201010,23.1,58.78,0.2
PIURA,201011,23.45,58.09,0.11
PIURA,201012,24.93,57.95,0.11
PIURA,201101,26.42,57.79,0.34
PIURA,201102,27.47,57.77,0.53
PIURA,201103,27.72,53.67,0.19
PIURA,201104,27,58.27,0.93
PIURA,201105,25.9,60.58,0.15
PIURA,201106,24.74,63.42,0.06
PIURA,201107,23.52,63.89,0.4
PIURA,201108,23.15,62.06,0.07
PIURA,201109,23.42,59.4,0.07
PIURA,201110,23.02,59.5,0.2
PIURA,201111,24.13,58.96,0.3
PIURA,201112,25.44,60.55,0.44
PIURA,201201,26.48,59.53,0.88
PIURA,201202,26.75,65.56,2.36
PIURA,201203,28.48,59.1,0.92
PIURA,201204,27.93,59.41,0.45
PIURA,201205,26.78,60.77,0.11
PIURA,201206,25.53,63.74,0.11
PIURA,201207,24.06,64.19,0.17
PIURA,201208,23.61,62.98,0.04
PIURA,201209,24.01,61.18,0.05
PIURA,201210,24.05,59.65,0.15
PIURA,201211,25.09,59.7,0.17
PIURA,201212,25.68,58.61,0.17
PIURA,201301,26.89,59.82,0.33
PIURA,201302,27.64,58.18,1.38
PIURA,201303,27.87,59.34,1.36
PIURA,201304,27.04,54.19,0.07
PIURA,201305,25.11,60.6,0.33
PIURA,201306,23.38,63.3,0.06
PIURA,201307,22.81,62.7,0.09
PIURA,201308,22.96,61.13,0.08
PIURA,201309,23.57,59.79,0.06
PIURA,201310,23.87,59.65,0.23
PIURA,201311,24.09,58.74,0.04
PIURA,201312,25.78,60.18,0.15
PIURA,201401,27.55,59.56,0.23
PIURA,201402,27.72,57.06,0.45
PIURA,201403,28.47,54.37,0.37
PIURA,201404,27.7,56.39,0.14
PIURA,201405,26.86,61.8,0.22
PIURA,201406,25.76,63.9,0.17
PIURA,201407,24.3,63.19,0.06
PIURA,201408,24.02,61.46,0.05
PIURA,201409,24.01,59.83,0.03
PIURA,201410,24.67,59.05,0.26
PIURA,201411,24.98,58.82,0.02
PIURA,201412,26,58.98,0.24
PIURA,201501,26.98,59.6,0.25
PIURA,201502,28.08,60.57,0.31
PIURA,201503,28,63.65,1.78
PIURA,201504,28.26,59.39,0.14
PIURA,201505,27.32,62.31,0.29
PIURA,201506,26.61,62.8,0.17
PIURA,201507,25.31,63.15,0.08
PIURA,201508,24.58,62.29,0.02
PIURA,201509,25.38,60.49,0.02
PIURA,201510,26.02,58.91,0.1
PIURA,201511,26.05,59.58,0.23
PIURA,201512,27.98,58.66,0.06
PIURA,201601,28.09,59.93,0.12
PIURA,201602,28.98,62.13,1.29
PIURA,201603,28.84,62.46,1.4
PIURA,201604,28.3,58.48,0.36
PIURA,201605,26.98,59.21,0.08
PIURA,201606,24.96,63.43,0.1
PIURA,201607,24.19,64.35,0.07
PIURA,201608,24.24,62.39,0.01
PIURA,201609,24.77,59.39,0.12
PIURA,201610,24.46,59.77,0.18
PIURA,201611,24.57,58.93,0.03
PIURA,201612,26.28,59.02,0.22
PIURA,201701,27.32,62.54,1.32
PIURA,201702,27.17,73.37,6.25
PIURA,201703,26.22,82.05,12.88
PIURA,201704,26.24,74.87,0.62
PIURA,201705,25.19,71.38,0.37
PIURA,201706,23.76,69.76,0.07
PIURA,201707,22.97,68.56,0.04
PIURA,201708,23.33,64.29,0.06
PIURA,201709,23.51,61.59,0.01
PIURA,201710,24.18,60.43,0.15
PIURA,201711,23.36,61.39,0.09
PIURA,201712,25.48,61.52,0.17
PIURA,201801,26.57,60.51,0.26
PIURA,201802,27.37,59.67,0.57
PIURA,201803,27.91,54.57,0.15
PIURA,201804,27.17,57.38,0.22
PIURA,201805,25.75,59.06,0.15
PIURA,201806,24.02,63.06,0.02
PIURA,201807,23.41,64.34,0.02
PIURA,201808,23.46,63.19,0.05
PIURA,201809,24,60.62,0.02
PIURA,201810,23.88,60.24,0.06
PIURA,201811,25.24,61.31,0.32
PIURA,201812,26.05,61.89,0.8
PIURA,201901,27.55,61.54,0.34
PIURA,201902,28.16,66.52,1.42
PIURA,201903,28.42,62.29,1.84
PIURA,201904,27.6,59.21,0.32
PIURA,201905,26.58,61.64,0.08
PIURA,201906,25.08,62.96,0.05
PIURA,201907,23.69,62.78,0.09
PIURA,201908,23.22,61.44,0.09
PIURA,201909,23.64,60.36,0.01
PIURA,201910,24,58.9,0.11
PIURA,201911,25.06,60.22,0.16
PIURA,201912,26.27,62.41,0.27
PIURA,202001,27.69,60.32,0.23
PIURA,202002,28.59,60.29,0.62
PIURA,202003,28.75,59.81,0.18
PIURA,202004,27.94,58.45,0.15
PIURA,202005,26.56,61.62,0.08
PIURA,202006,24.11,63.37,0.16
PIURA,202007,23.05,61.98,0.16
PIURA,202008,22.44,61.96,0.02
PIURA,202009,23.15,60.98,0.11
PIURA,202010,24.13,60.68,0.03
PIURA,202011,23.05,62.74,0.1
PIURA,202012,25.27,64.53,0.34
PIURA,202101,26.65,61.87,0.27
PIURA,202102,27.9,57.84,0.17
PIURA,202103,28.01,59.04,0.91
PIURA,202104,27.01,57.02,0.12
PIURA,202105,24.93,61.22,0.11
PIURA,202106,24.28,63.42,0.02
PIURA,202107,23.85,63.81,0.02
PIURA,202108,23.57,61.9,0.05
PIURA,202109,23.38,59.78,0.08
PIURA,202110,23.81,59.38,0.24
PIURA,202111,23.73,60.94,0.19
PIURA,202112,24.83,62.17,0.27
PIURA,202201,26.39,60.69,0.13
PIURA,202202,26.82,57.62,0.24
PIURA,202203,27.63,57.43,0.49
PIURA,202204,25.99,59.53,0.24
PIURA,202205,24.76,60.41,0.11
PIURA,202206,23.01,62.76,0.17
PIURA,202207,22.73,62.83,0.11
PIURA,202208,22.7,62.36,0.19
PIURA,202209,22.94,59.83,0.03
PIURA,202210,23.03,57.75,0.06
PIURA,202211,24.15,58.57,0.04
PIURA,202212,25.47,62.04,0.12
PIURA,202301,26.75,58.31,0.19
PIURA,202302,28.32,59.84,0.39
PIURA,202303,27.77,69.04,5.27
PIURA,202304,26.71,78.75,7.36
PIURA,202305,27.2,69.51,0.35
PIURA,202306,26.31,68.26,0.07
PIURA,202307,26.15,66.5,0.01
PIURA,202308,26.08,64.36,0.02
PIURA,202309,26.03,62.3,0.02
PIURA,202310,26.51,60.09,0.1
PIURA,202311,25.94,61.23,0.09
PIURA,202312,26.84,62.1,0.53
PIURA,202401,28.33,62.83,0.19
PIURA,202402,28.85,67.36,4.39
PIURA,202403,29.19,59.07,0.08
PIURA,202404,28,60.05,0.16
PIURA,202405,25.95,60.21,0.06
PIURA,202406,24.5,62.03,0.08
PIURA,202407,23.72,62.64,0.03
PIURA,202408,23.6,61.26,0.03
PIURA,202409,23.47,61.82,0.09
PIURA,202410,24.92,59.28,0.09
PIURA,202411,24.53,60.91,0.02
PIURA,202412,25.89,62.36,0.21
LIMA,200001,18.14,80.94,0.46
LIMA,200002,19.05,76.31,0.14
LIMA,200003,19.32,73.95,0.13
LIMA,200004,19.04,73.44,0.02
LIMA,200005,17.48,69.98,0.03
LIMA,200006,16.53,68.09,0.04
LIMA,200007,16.4,65.26,0.03
LIMA,200008,16.97,65.24,0.03
LIMA,200009,16.79,63.9,0.02
LIMA,200010,17.65,65.39,0.03
LIMA,200011,17.07,63.64,0.02
LIMA,200012,18.5,73.42,0.05
LIMA,200101,18.73,78.4,0.09
LIMA,200102,19.72,78.3,0.22
LIMA,200103,19.86,75.72,0.09
LIMA,200104,19.33,71.51,0.02
LIMA,200105,17.51,68.79,0.31
LIMA,200106,16.71,66.75,0.02
LIMA,200107,16.54,65.08,0.05
LIMA,200108,17.04,60.01,0.07
LIMA,200109,16.61,63.25,0.03
LIMA,200110,17.07,65.1,0.07
LIMA,200111,17.2,69.25,0.08
LIMA,200112,18.11,67.3,0.07
LIMA,200201,18.93,72.26,0.04
LIMA,200202,19.92,76.3,0.14
LIMA,200203,20.6,75.53,0.06
LIMA,200204,19.06,74.24,0.01
LIMA,200205,18.94,69.78,0.03
LIMA,200206,16.81,67.28,0.04
LIMA,200207,16.32,64.64,0.05
LIMA,200208,17.14,61.53,0.02
LIMA,200209,17.51,62.55,0.03
LIMA,200210,17.97,65.94,0.03
LIMA,200211,18.28,68.73,0.03
LIMA,200212,19.22,71.25,0.04
LIMA,200301,19.74,74.45,0.04
LIMA,200302,20.31,76.95,0.07
LIMA,200303,20.04,74.57,0.05
LIMA,200304,19.2,68.95,0.03
LIMA,200305,18.28,67.9,0.02
LIMA,200306,16.97,67.68,0
LIMA,200307,16.61,67.08,0.01
LIMA,200308,16.88,62.26,0.04
LIMA,200309,17.2,61.09,0.02
LIMA,200310,17.65,64.54,0.01
LIMA,200311,18.22,66.99,0.04
LIMA,200312,18.73,75.67,0.07
LIMA,200401,19.22,77.2,0.05
LIMA,200402,19.96,77.09,0.04
LIMA,200403,20.13,73.75,0.06
LIMA,200404,19,72.35,0.01
LIMA,200405,17.66,64.03,0.01
LIMA,200406,16.82,63.65,0.02
LIMA,200407,16.14,65.71,0.05
LIMA,200408,16.6,62.22,0.02
LIMA,200409,17.35,66.46,0.01
LIMA,200410,17.46,66.3,0.02
LIMA,200411,17.99,69.69,0.24
LIMA,200412,18.42,76.07,0.36
LIMA,200501,19.57,76.19,0.04
LIMA,200502,19.86,74.96,0.05
LIMA,200503,19.82,74.62,0.05
LIMA,200504,19.84,69.45,0.01
LIMA,200505,17.81,67.27,0
LIMA,200506,17,64.96,0
LIMA,200507,16.52,62.85,0
LIMA,200508,16.74,62.22,0.01
LIMA,200509,16.92,60.96,0.02
LIMA,200510,16.74,64.27,0.03
LIMA,200511,17.33,65.77,0.01
LIMA,200512,17.79,74.29,0.1
LIMA,200601,19.17,77.84,0.05
LIMA,200602,20.08,77.8,0.2
LIMA,200603,19.8,75.71,0.12
LIMA,200604,18.69,71.44,0.01
LIMA,200605,17.38,65.58,0
LIMA,200606,16.83,67.29,0.01
LIMA,200607,16.83,66.25,0
LIMA,200608,17.49,63.24,0.04
LIMA,200609,17.46,61.65,0.01
LIMA,200610,17.44,64.35,0.01
LIMA,200611,17.73,70.88,0.04
LIMA,200612,18.44,73.23,0.16
LIMA,200701,19.84,76.57,0.04
LIMA,200702,19.76,74.9,0.03
LIMA,200703,19.67,76.4,0.07
LIMA,200704,18.91,71.38,0.01
LIMA,200705,17.33,65.82,0
LIMA,200706,16.52,64.39,0.03
LIMA,200707,16.24,62.31,0.02
LIMA,200708,15.79,63.41,0.01
LIMA,200709,16.67,61.29,0.02
LIMA,200710,16.27,63.9,0.01
LIMA,200711,17.22,66.28,0.02
LIMA,200712,17.42,73.47,0.05
LIMA,200801,18.86,80.63,0.07
LIMA,200802,19.28,77.54,0.06
LIMA,200803,19.5,74.77,0.04
LIMA,200804,18.51,71.45,0.04
LIMA,200805,16.98,64.81,0.01
LIMA,200806,16.65,65.62,0.04
LIMA,200807,16.49,66.98,0
LIMA,200808,16.7,65.38,0.01
LIMA,200809,17.19,60.81,0.02
LIMA,200810,16.97,64.28,0.05
LIMA,200811,17.41,69.88,0.01
LIMA,200812,17.81,74.76,0.03
LIMA,200901,18.93,77.07,0.06
LIMA,200902,19.61,79.15,0.06
LIMA,200903,19.5,77.49,0.03
LIMA,200904,19.13,72.24,0.02
LIMA,200905,18.06,67.41,0.02
LIMA,200906,17.13,63.84,0
LIMA,200907,17.29,62.98,0.01
LIMA,200908,17.17,60.53,0
LIMA,200909,17.43,60.87,0.01
LIMA,200910,17.58,64.83,0.02
LIMA,200911,17.93,67.38,0.05
LIMA,200912,18.65,71.54,0.1
LIMA,201001,19.83,72.95,0.04
LIMA,201002,20.77,73.95,0.11
LIMA,201003,20.48,73.06,0.02
LIMA,201004,19.46,71.19,0.01
LIMA,201005,18.42,67.22,0.01
LIMA,201006,16.9,66.53,0
LIMA,201007,15.9,62.26,0.01
LIMA,201008,16.25,59.42,0.02
LIMA,201009,16.69,60.77,0.01
LIMA,201010,16.83,61.48,0.02
LIMA,201011,16.9,65.13,0.01
LIMA,201012,17.6,74.09,0.08
LIMA,201101,18.6,75.75,0.08
LIMA,201102,19.59,74.29,0.03
LIMA,201103,19.15,69.72,0.04
LIMA,201104,18.79,71.94,0.01
LIMA,201105,17.89,66.56,0
LIMA,201106,17.36,66.71,0.01
LIMA,201107,16.33,64.34,0.03
LIMA,201108,16.72,61.44,0.01
LIMA,201109,17.19,57.85,0.01
LIMA,201110,16.32,63.39,0.01
LIMA,201111,17.42,68.78,0.14
LIMA,201112,18.15,73.43,0.02
LIMA,201201,18.96,73.5,0.02
LIMA,201202,19.62,73.62,0.06
LIMA,201203,20.21,73.17,0.03
LIMA,201204,19.44,72.03,0.03
LIMA,201205,18.48,67.21,0.02
LIMA,201206,17.69,67.51,0.01
LIMA,201207,17.27,63.65,0
LIMA,201208,17.03,61.38,0.03
LIMA,201209,17.7,62.5,0.02
LIMA,201210,17.42,63.09,0.17
LIMA,201211,17.98,66.95,0.03
LIMA,201212,18.35,72.4,0.04
LIMA,201301,19.62,71.66,0.01
LIMA,201302,19.85,73.46,0.02
LIMA,201303,20.23,70.52,0.03
LIMA,201304,18.99,64.55,0.01
LIMA,201305,17.75,68.47,0.01
LIMA,201306,16.8,65.3,0.02
LIMA,201307,16.24,62.44,0.02
LIMA,201308,16.4,60.4,0.11
LIMA,201309,17.23,61.64,0
LIMA,201310,17.36,60.13,0.02
LIMA,201311,17.38,65.24,0.04
LIMA,201312,18.57,71.7,0.02
LIMA,201401,19.58,74.64,0.02
LIMA,201402,19.74,72.25,0.02
LIMA,201403,19.66,72.71,0.05
LIMA,201404,19.21,67.67,0.01
LIMA,201405,18.19,67.02,0.01
LIMA,201406,17.9,67.45,0.02
LIMA,201407,17.5,59.89,0.01
LIMA,201408,17.33,60.48,0
LIMA,201409,17.47,61.25,0.02
LIMA,201410,17.94,62.65,0.03
LIMA,201411,17.91,66.45,0.02
LIMA,201412,18.55,70.52,0.04
LIMA,201501,19.37,72.48,0.09
LIMA,201502,19.96,77.52,0.72
LIMA,201503,19.99,77.33,0.42
LIMA,201504,19.79,71.37,0.04
LIMA,201505,19.07,68.01,0.05
LIMA,201506,18.7,66.8,0.02
LIMA,201507,17.69,62.28,0.08
LIMA,201508,17.81,60.56,0.06
LIMA,201509,18.41,61.18,0.03
LIMA,201510,18.65,63.57,0.05
LIMA,201511,18.71,65.77,0.06
LIMA,201512,20.14,65.62,0.1
LIMA,201601,20.42,70.69,0.13
LIMA,201602,21.24,76.28,0.34
LIMA,201603,21.36,72.98,0.29
LIMA,201604,20.16,70.45,0.04
LIMA,201605,19.04,65.19,0.01
LIMA,201606,17.5,63.39,0.04
LIMA,201607,17.03,63.75,0.03
LIMA,201608,17.5,61.51,0.03
LIMA,201609,17.85,60.7,0.02
LIMA,201610,17.86,62.34,0.09
LIMA,201611,18.17,63.32,0.02
LIMA,201612,18.75,71.1,0.1
LIMA,201701,19.81,77.69,0.44
LIMA,201702,20.47,74.81,0.37
LIMA,201703,20.72,75.38,0.52
LIMA,201704,19.94,71.93,0.04
LIMA,201705,18.59,70.36,0.07
LIMA,201706,17.42,66.48,0.04
LIMA,201707,16.99,64.48,0.03
LIMA,201708,16.89,59.31,0.06
LIMA,201709,17.48,59.33,0.03
LIMA,201710,18.06,59,0.08
LIMA,201711,17.61,65.58,0.11
LIMA,201712,18.47,69.76,0.07
LIMA,201801,19.11,74.38,0.28
LIMA,201802,19.38,75.91,0.62
LIMA,201803,19.78,73.22,0.64
LIMA,201804,19.1,70.6,0.17
LIMA,201805,18.01,66.58,0.03
LIMA,201806,16.95,65.2,0.11
LIMA,201807,16.82,64.83,0.1
LIMA,201808,17.22,61.59,0.19
LIMA,201809,17.51,59.93,0.05
LIMA,201810,17.54,66.91,0.08
LIMA,201811,18.3,65.99,0.05
LIMA,201812,19.16,68.49,0.02
LIMA,201901,19.95,74.69,0.15
LIMA,201902,21.1,74.73,0.13
LIMA,201903,20.54,72.46,0.17
LIMA,201904,19.72,70.54,0.01
LIMA,201905,18.47,65.94,0.02
LIMA,201906,17.59,62.9,0.04
LIMA,201907,16.98,61.89,0.08
LIMA,201908,17.28,57.93,0.01
LIMA,201909,17.53,62.56,0.01
LIMA,201910,17.62,61.12,0.01
LIMA,201911,18.45,67.31,0.07
LIMA,201912,18.95,72.99,0.18
LIMA,202001,20.06,74.06,0.08
LIMA,202002,20.58,76.94,0.12
LIMA,202003,20.37,75.74,0.09
LIMA,202004,19.7,70.13,0.03
LIMA,202005,18.81,64.11,0
LIMA,202006,17.15,65.4,0.01
LIMA,202007,16.53,61.11,0.11
LIMA,202008,16.79,58.57,0.04
LIMA,202009,17.35,59.31,0
LIMA,202010,18.27,60.13,0.03
LIMA,202011,17.85,61.56,0.04
LIMA,202012,18.41,72.31,0.34
LIMA,202101,19.33,73.11,0.39
LIMA,202102,20.16,67.77,0.05
LIMA,202103,19.83,72.78,0.24
LIMA,202104,18.88,69.92,0.09
LIMA,202105,17.82,67.18,0.03
LIMA,202106,17.29,65.49,0.02
LIMA,202107,16.95,64.03,0
LIMA,202108,17.08,61.93,0.01
LIMA,202109,17.1,62.44,0
LIMA,202110,17.42,62.11,0.01
LIMA,202111,17.33,67.8,0.03
LIMA,202112,18.13,70.54,0.17
LIMA,202201,18.98,76.04,0.07
LIMA,202202,18.69,76.7,0.27
LIMA,202203,19.19,73.71,0.35
LIMA,202204,18.4,69.45,0.16
LIMA,202205,17.56,61.55,0.14
LIMA,202206,16.12,63.7,0.01
LIMA,202207,16.4,62.01,0.01
LIMA,202208,16.46,60.29,0.01
LIMA,202209,16.81,57.11,0.05
LIMA,202210,16.8,56.61,0
LIMA,202211,17.69,63.97,0
LIMA,202212,18.34,73.93,0.14
LIMA,202301,18.87,76.7,0.1
LIMA,202302,20.24,77.02,0.28
LIMA,202303,20.26,77.73,0.5
LIMA,202304,20.57,77.49,0.03
LIMA,202305,19.79,67.88,0.01
LIMA,202306,18.8,66.12,0.01
LIMA,202307,18.7,67.1,0
LIMA,202308,18.9,64.66,0.08
LIMA,202309,18.94,63.47,0.02
LIMA,202310,18.67,70.47,0.03
LIMA,202311,18.96,67.6,0.04
LIMA,202312,19.7,72.11,0.37
LIMA,202401,20.78,77.34,0.08
LIMA,202402,21.26,78.42,0.21
LIMA,202403,20.8,76.64,0.18
LIMA,202404,19.89,73.83,0.11
LIMA,202405,18.78,64.26,0.03
LIMA,202406,17.51,62.81,0.04
LIMA,202407,17.33,60.56,0.03
LIMA,202408,17.41,58.46,0.02
LIMA,202409,18.28,59.2,0.03
LIMA,202410,18.52,60.09,0.02
LIMA,202411,18.11,71.66,0.15
LIMA,202412,18.61,75.37,0.27
LORETO,200001,25.29,89.83,8.51
LORETO,200002,25.16,89.48,10.36
LORETO,200003,24.65,91.25,11.94
LORETO,200004,24.77,90.87,11.43
LORETO,200005,24.95,90.18,9.59
LORETO,200006,24.82,89.57,4.24
LORETO,200007,23.99,88.61,3.89
LORETO,200008,25.29,86.82,9.48
LORETO,200009,25.01,87.96,8.74
LORETO,200010,25.87,86.21,4.4
LORETO,200011,25.74,90.23,3.05
LORETO,200012,25.56,88.55,7.01
LORETO,200101,24.46,91.69,14.15
LORETO,200102,25.21,90.32,8.71
LORETO,200103,25.11,90.64,9.87
LORETO,200104,25.31,90.46,8.75
LORETO,200105,25.29,91,7.56
LORETO,200106,24.21,88.77,4.61
LORETO,200107,24.76,87.89,4.11
LORETO,200108,25.61,85.59,4.53
LORETO,200109,25.43,87.8,5.16
LORETO,200110,26.07,88.21,11.56
LORETO,200111,25.76,89.98,4.61
LORETO,200112,26.02,90.73,10.16
LORETO,200201,25.84,89.91,5.52
LORETO,200202,25.68,90.65,7.56
LORETO,200203,25.49,89.83,5.93
LORETO,200204,25.24,90.61,10.27
LORETO,200205,25.66,90.16,9.13
LORETO,200206,24.67,89.61,2.97
LORETO,200207,24.94,89.81,5.91
LORETO,200208,25.51,86.45,7.33
LORETO,200209,26.02,85.24,9.34
LORETO,200210,25.71,88.3,13.43
LORETO,200211,25.49,89.63,14.34
LORETO,200212,25.77,90.82,10.39
LORETO,200301,26.14,90.98,10.19
LORETO,200302,26.04,90.57,11.81
LORETO,200303,25.62,90.1,11.05
LORETO,200304,25.48,90.54,9.28
LORETO,200305,25.37,90.55,22.45
LORETO,200306,24.83,89.95,12.68
LORETO,200307,24.64,89.14,7.5
LORETO,200308,25.15,86.65,5.48
LORETO,200309,25.64,87.81,12.67
LORETO,200310,25.97,89.53,6.23
LORETO,200311,25.67,91.41,20.99
LORETO,200312,25.57,91.02,14.95
LORETO,200401,26.11,91.12,6.53
LORETO,200402,25.63,88.31,8.39
LORETO,200403,25.52,90.63,18.38
LORETO,200404,25.68,90.48,8.56
LORETO,200405,25.66,88.93,16.12
LORETO,200406,24.63,90.77,16.87
LORETO,200407,24.69,88.57,13.02
LORETO,200408,25.42,85.85,8.08
LORETO,200409,25.46,87.08,8.77
LORETO,200410,25.88,88.79,13.68
LORETO,200411,25.79,90.19,16.38
LORETO,200412,25.83,90.74,14.31
LORETO,200501,26.26,89.86,11.43
LORETO,200502,26.36,90.78,12.98
LORETO,200503,25.84,90.95,20.82
LORETO,200504,26.07,89.53,8.56
LORETO,200505,25.93,89.85,8.1
LORETO,200506,25.83,88.43,9.96
LORETO,200507,25.29,86.21,3.82
LORETO,200508,25.81,87.2,8.83
LORETO,200509,26.23,88.16,6.51
LORETO,200510,25.84,90.62,20.37
LORETO,200511,25.99,90.73,11.3
LORETO,200512,25.38,90.95,16.29
LORETO,200601,25.5,91.62,18.64
LORETO,200602,25.91,90.15,5.61
LORETO,200603,25.51,90.8,16.27
LORETO,200604,25.48,89.79,12.78
LORETO,200605,24.46,91.43,22.13
LORETO,200606,24.98,89.57,14.64
LORETO,200607,25.23,87.08,3.23
LORETO,200608,25.63,87.87,11.18
LORETO,200609,25.9,87.81,10.99
LORETO,200610,26.09,90.04,13.47
LORETO,200611,25.61,91.48,14.23
LORETO,200612,25.61,90.53,15.17
LORETO,200701,26,91.05,15.16
LORETO,200702,26.23,89.2,3.72
LORETO,200703,25.55,90.68,20.32
LORETO,200704,25.28,91.32,17.53
LORETO,200705,25.22,90.04,13.08
LORETO,200706,24.83,89.05,4.95
LORETO,200707,24.69,88.75,6.19
LORETO,200708,25.17,88.96,3.95
LORETO,200709,25.26,90.11,11.14
LORETO,200710,25.59,89.6,13.82
LORETO,200711,25.62,91.35,20.47
LORETO,200712,25.24,91.8,14.75
LORETO,200801,25.36,90.35,17.74
LORETO,200802,25.24,89.13,12.95
LORETO,200803,25.09,89.65,16.69
LORETO,200804,25.19,91.21,10.29
LORETO,200805,24.74,91.18,7.63
LORETO,200806,24.46,90.61,6.69
LORETO,200807,24.82,88.62,4.64
LORETO,200808,25.35,88.72,2.75
LORETO,200809,25.65,86.84,5.12
LORETO,200810,25.59,88.83,6.45
LORETO,200811,25.6,92.14,6.89
LORETO,200812,25.7,90.27,1.78
LORETO,200901,25.24,90.67,8.89
LORETO,200902,25.14,90.59,9.86
LORETO,200903,25.26,91.06,8.97
LORETO,200904,25.49,90.89,14.86
LORETO,200905,25.56,89.16,4.77
LORETO,200906,24.94,89.3,3.21
LORETO,200907,25.34,89.03,3.87
LORETO,200908,25.6,89.39,4.59
LORETO,200909,26.36,87.22,3.52
LORETO,200910,26.09,89.59,8.67
LORETO,200911,26.15,90.68,5.12
LORETO,200912,25.79,91.41,10.09
LORETO,201001,26.02,90.62,7.68
LORETO,201002,26.68,90.58,5.47
LORETO,201003,26.31,90.56,6.53
LORETO,201004,26.3,89.98,4.46
LORETO,201005,25.55,90.86,4.72
LORETO,201006,25.22,89.77,2.91
LORETO,201007,25.08,87.95,4.71
LORETO,201008,25.23,87.29,1.89
LORETO,201009,25.61,88.55,1.64
LORETO,201010,26.2,86.85,3.81
LORETO,201011,25.54,90.37,5.26
LORETO,201012,25.71,88.23,2.53
LORETO,201101,25.37,89.92,5.68
LORETO,201102,25.5,90.02,4.28
LORETO,201103,25.56,88.94,4.05
LORETO,201104,25.15,90.43,6.13
LORETO,201105,25.34,90.33,4.75
LORETO,201106,25.27,88.89,2.66
LORETO,201107,25.34,87.16,3.16
LORETO,201108,26.92,76.76,1.27
LORETO,201109,26.86,79.5,4.95
LORETO,201110,26.48,83.8,5.36
LORETO,201111,26.34,85.09,3.6
LORETO,201112,25.98,87.47,7.01
LORETO,201201,25.32,91.66,9.39
LORETO,201202,25.22,91.3,10.73
LORETO,201203,25.15,90.5,8.35
LORETO,201204,25.31,91.18,12.58
LORETO,201205,25.45,89.04,4.71
LORETO,201206,24.94,89.83,4.29
LORETO,201207,24.94,87.89,2.47
LORETO,201208,25.48,85.7,1.94
LORETO,201209,25.9,85.27,3.69
LORETO,201210,25.74,88.55,4.11
LORETO,201211,26.32,87.77,2.93
LORETO,201212,26.04,88.24,4.99
LORETO,201301,26.24,90.27,7.67
LORETO,201302,25.66,90.37,9.59
LORETO,201303,25.87,90.77,8.65
LORETO,201304,25.72,89.82,5.45
LORETO,201305,25.39,91.07,7.51
LORETO,201306,25.38,89.04,6.98
LORETO,201307,24.74,87.41,2.77
LORETO,201308,25.01,87.62,5.92
LORETO,201309,25.96,86.62,3.51
LORETO,201310,25.85,88.16,7.08
LORETO,201311,25.66,90.77,9.5
LORETO,201312,25.7,91.55,5.32
LORETO,201401,25.65,91.35,5.58
LORETO,201402,25.81,90.86,11.49
LORETO,201403,25.59,91.52,6.59
LORETO,201404,25.83,89.68,14.69
LORETO,201405,25.7,90.31,3.94
LORETO,201406,25.52,90.5,6.44
LORETO,201407,25.25,88.66,7.63
LORETO,201408,25.47,86.26,4.97
LORETO,201409,25.87,87.66,7.71
LORETO,201410,25.68,88.59,7.29
LORETO,201411,25.78,91.92,13.18
LORETO,201412,25.8,91.17,9.41
LORETO,201501,25.39,91.24,11
LORETO,201502,25.58,91.22,10.27
LORETO,201503,25.65,91.41,15.27
LORETO,201504,25.57,90.83,13.26
LORETO,201505,25.71,89.96,5.44
LORETO,201506,25.35,89.7,4.24
LORETO,201507,25.74,87.5,7.79
LORETO,201508,26.15,87.12,7.05
LORETO,201509,26.6,86.46,4.21
LORETO,201510,26.42,88.79,4.09
LORETO,201511,26.31,90.13,5.33
LORETO,201512,26.56,88.65,8.82
LORETO,201601,27.06,89.38,1.81
LORETO,201602,26.51,91.39,15.94
LORETO,201603,26.66,91.24,12.92
LORETO,201604,26.31,90.08,6.83
LORETO,201605,26.05,90.3,6.7
LORETO,201606,25.03,89.68,3.71
LORETO,201607,25.22,89.41,8.39
LORETO,201608,25.73,88.33,4.17
LORETO,201609,25.99,87.5,2.93
LORETO,201610,26.2,88.99,9
LORETO,201611,26.27,91.19,4.72
LORETO,201612,25.61,92.18,8.85
LORETO,201701,25.35,92.02,10.81
LORETO,201702,25.66,91.33,6.64
LORETO,201703,25.74,89.92,8.14
LORETO,201704,25.86,90.48,7.18
LORETO,201705,25.91,90.39,4.99
LORETO,201706,25.66,89.44,6.1
LORETO,201707,24.91,85.74,1.64
LORETO,201708,25.6,88.88,5.16
LORETO,201709,25.82,88.61,5.83
LORETO,201710,25.98,90.61,9.33
LORETO,201711,25.93,91.13,7.41
LORETO,201712,25.91,91.73,5.37
LORETO,201801,25.49,90.87,9.7
LORETO,201802,25.96,90.01,3.53
LORETO,201803,25.93,90.25,10.67
LORETO,201804,25.62,90.1,5.67
LORETO,201805,25.3,90.28,7.6
LORETO,201806,24.77,89.58,1.99
LORETO,201807,25.18,86.53,4.15
LORETO,201808,25.2,88.22,4.35
LORETO,201809,26.02,86.88,4.7
LORETO,201810,25.72,90.13,7.47
LORETO,201811,26.13,90.46,2.82
LORETO,201812,25.49,91.55,11.73
LORETO,201901,25.73,91.21,11.26
LORETO,201902,26.27,90.71,8.57
LORETO,201903,26.06,90.14,11.56
LORETO,201904,26.28,90.39,15.72
LORETO,201905,25.76,90.18,5.51
LORETO,201906,25.52,90.65,9.59
LORETO,201907,25.3,88.18,5.66
LORETO,201908,25.54,85.13,3.64
LORETO,201909,26.04,88.46,7.86
LORETO,201910,25.71,89,14.11
LORETO,201911,26.06,90.96,16.92
LORETO,201912,25.82,92.12,11.46
LORETO,202001,26.19,90.55,5.6
LORETO,202002,26.48,90.32,9.47
LORETO,202003,26.38,90.93,16.06
LORETO,202004,26.05,90.44,10.4
LORETO,202005,25.77,90.72,12.85
LORETO,202006,25.47,89.62,20.12
LORETO,202007,25.44,88.73,7.17
LORETO,202008,25.68,87.83,4.01
LORETO,202009,26.07,87.66,5.54
LORETO,202010,26.04,88.8,4.98
LORETO,202011,26.09,90.86,8.29
LORETO,202012,25.61,92.24,8.78
LORETO,202101,25.51,92.27,17.71
LORETO,202102,26.23,90.68,7.09
LORETO,202103,25.17,91.64,15.66
LORETO,202104,25.52,90.78,14.61
LORETO,202105,25.54,90.5,5.74
LORETO,202106,25.05,90.75,8.55
LORETO,202107,24.87,88.17,3.93
LORETO,202108,25.49,88.93,5.45
LORETO,202109,25.3,89,4.09
LORETO,202110,26.04,90.33,7.21
LORETO,202111,25.75,92.01,10.72
LORETO,202112,26.12,91.85,10.12
LORETO,202201,26.01,90.11,6.44
LORETO,202202,25.62,91.38,7.56
LORETO,202203,25.56,91.01,12.63
LORETO,202204,25.44,91,12.53
LORETO,202205,25.36,89.9,7.55
LORETO,202206,24.64,89.73,6.49
LORETO,202207,25.13,90.36,5.79
LORETO,202208,25.1,88.67,5.79
LORETO,202209,25.96,89.08,0.49
LORETO,202210,25.76,90.47,8.69
LORETO,202211,25.35,89.76,9.59
LORETO,202212,25.58,90.53,4.76
LORETO,202301,24.98,90.72,12.14
LORETO,202302,25.57,89.91,6.66
LORETO,202303,25.74,89.64,6.05
LORETO,202304,25.59,90.37,14.98
LORETO,202305,26.04,90.83,9.46
LORETO,202306,25.07,88.93,3.95
LORETO,202307,25.84,88.31,10.23
LORETO,202308,26.41,87.01,2.47
LORETO,202309,26.67,88.34,5.44
LORETO,202310,26.6,90.36,5.79
LORETO,202311,26.62,89.96,10.04
LORETO,202312,26.43,91.32,8.69
LORETO,202401,26.63,91.32,12.54
LORETO,202402,26.79,90.88,17.58
LORETO,202403,26.92,89.57,7.52
LORETO,202404,26.77,90.37,11.54
LORETO,202405,26.33,91.85,15.74
LORETO,202406,26.04,89.75,5.94
LORETO,202407,25.68,88.63,5
LORETO,202408,26.39,87.34,4.16
LORETO,202409,26.79,89.72,1.65
LORETO,202410,26.64,90.15,6.65
LORETO,202411,26.39,90.33,7.01
LORETO,202412,26.21,91.33,11.3
LA LIBERTAD,200001,16.43,71.94,0.41
LA LIBERTAD,200002,16.55,76.03,1.26
LA LIBERTAD,200003,17.18,73.6,1.11
LA LIBERTAD,200004,17.16,75.36,5.22
LA LIBERTAD,200005,17.12,71.86,0.49
LA LIBERTAD,200006,16.8,69.03,0.15
LA LIBERTAD,200007,16.63,64.54,0.09
LA LIBERTAD,200008,17.82,56.91,0.11
LA LIBERTAD,200009,17.53,60.75,0.56
LA LIBERTAD,200010,18.4,57.43,0.1
LA LIBERTAD,200011,16.97,52.22,0.21
LA LIBERTAD,200012,17.47,68.31,0.97
LA LIBERTAD,200101,16.9,75.02,0.96
LA LIBERTAD,200102,17.63,73.04,0.95
LA LIBERTAD,200103,17.54,76.02,1.57
LA LIBERTAD,200104,18.15,70.09,1.12
LA LIBERTAD,200105,18.07,66.19,0.25
LA LIBERTAD,200106,17.38,59.23,0.01
LA LIBERTAD,200107,17.3,61.43,0.65
LA LIBERTAD,200108,18.27,52.14,0.01
LA LIBERTAD,200109,17.91,58.36,0.08
LA LIBERTAD,200110,18.03,60.81,0.27
LA LIBERTAD,200111,17.4,66.05,0.22
LA LIBERTAD,200112,18.04,63.15,0.43
LA LIBERTAD,200201,18.11,64.43,0.1
LA LIBERTAD,200202,18.26,73.34,0.28
LA LIBERTAD,200203,18.49,75.18,0.55
LA LIBERTAD,200204,17.92,72.77,0.34
LA LIBERTAD,200205,18.83,62.2,0.09
LA LIBERTAD,200206,17.47,57.5,0.1
LA LIBERTAD,200207,17.87,56.54,0.08
LA LIBERTAD,200208,18.27,53.44,0.01
LA LIBERTAD,200209,18.55,56.71,0.08
LA LIBERTAD,200210,18.48,61.11,0.25
LA LIBERTAD,200211,17.97,66.91,0.78
LA LIBERTAD,200212,18.28,70.43,0.76
LA LIBERTAD,200301,18.75,71.51,0.11
LA LIBERTAD,200302,18.49,72.57,0.43
LA LIBERTAD,200303,18.41,69.7,0.46
LA LIBERTAD,200304,18.6,64.81,0.29
LA LIBERTAD,200305,18.75,61.24,0.16
LA LIBERTAD,200306,17.67,61.3,0.22
LA LIBERTAD,200307,17.39,56.77,0.01
LA LIBERTAD,200308,18.2,53.98,0.03
LA LIBERTAD,200309,18.35,54.61,0.06
LA LIBERTAD,200310,18.12,60.9,0.1
LA LIBERTAD,200311,17.95,63.21,0.3
LA LIBERTAD,200312,17.87,69.81,0.44
LA LIBERTAD,200401,17.6,69.6,0.17
LA LIBERTAD,200402,18.03,75.37,0.37
LA LIBERTAD,200403,18.86,67.89,0.2
LA LIBERTAD,200404,18.42,65.63,0.12
LA LIBERTAD,200405,18.6,60.12,0.27
LA LIBERTAD,200406,18.08,55.33,0
LA LIBERTAD,200407,17.58,58.22,0.03
LA LIBERTAD,200408,18.19,51.94,0.04
LA LIBERTAD,200409,18.12,59.76,0.13
LA LIBERTAD,200410,17.84,63.22,0.32
LA LIBERTAD,200411,17.68,65.78,0.48
LA LIBERTAD,200412,17.61,67.83,0.46
LA LIBERTAD,200501,17.77,71.06,0.47
LA LIBERTAD,200502,18.37,72.36,0.21
LA LIBERTAD,200503,18.28,71.04,0.94
LA LIBERTAD,200504,19.17,64.55,0.41
LA LIBERTAD,200505,18.27,62.66,0.06
LA LIBERTAD,200506,18.43,59.1,0.03
LA LIBERTAD,200507,17.6,53.24,0.01
LA LIBERTAD,200508,18.19,53.28,0.01
LA LIBERTAD,200509,18.71,55.45,0.04
LA LIBERTAD,200510,17.5,61.97,0.21
LA LIBERTAD,200511,17.15,56.77,0.05
LA LIBERTAD,200512,16.83,66.5,0.25
LA LIBERTAD,200601,17.5,72.17,0.39
LA LIBERTAD,200602,18.04,76.31,1.01
LA LIBERTAD,200603,17.7,76.49,0.95
LA LIBERTAD,200604,17.92,67.16,0.17
LA LIBERTAD,200605,18.2,57.07,0.01
LA LIBERTAD,200606,17.78,60.4,0.09
LA LIBERTAD,200607,17.69,57.45,0.05
LA LIBERTAD,200608,18.61,56.12,0.06
LA LIBERTAD,200609,18.63,56.64,0.18
LA LIBERTAD,200610,18.26,55.44,0.1
LA LIBERTAD,200611,17.49,64.82,0.57
LA LIBERTAD,200612,18.06,66.29,0.25
LA LIBERTAD,200701,18.43,74.38,0.5
LA LIBERTAD,200702,18.14,71.88,0.14
LA LIBERTAD,200703,17.75,75.29,1.06
LA LIBERTAD,200704,17.94,69.8,1.05
LA LIBERTAD,200705,18.33,59.9,0.08
LA LIBERTAD,200706,17.92,55.14,0.01
LA LIBERTAD,200707,17.69,56.95,0
LA LIBERTAD,200708,17.55,54.62,0
LA LIBERTAD,200709,18.44,54.64,0
LA LIBERTAD,200710,16.89,61.82,0.81
LA LIBERTAD,200711,17.38,64.81,0.8
LA LIBERTAD,200712,16.72,65.97,0.3
LA LIBERTAD,200801,16.99,77.27,2.45
LA LIBERTAD,200802,16.94,76.5,1.13
LA LIBERTAD,200803,17.15,77.03,1.95
LA LIBERTAD,200804,17.37,70.89,0.59
LA LIBERTAD,200805,17.35,67.1,0.31
LA LIBERTAD,200806,17.18,62.88,0.14
LA LIBERTAD,200807,17.31,60.6,0
LA LIBERTAD,200808,17.71,60.83,0.08
LA LIBERTAD,200809,18.18,59.68,0.4
LA LIBERTAD,200810,17.59,63.33,0.84
LA LIBERTAD,200811,17.04,67.71,0.71
LA LIBERTAD,200812,16.94,67.21,0.02
LA LIBERTAD,200901,17.07,76.93,2.05
LA LIBERTAD,200902,17.53,76.56,0.57
LA LIBERTAD,200903,17.38,76.91,1.37
LA LIBERTAD,200904,17.79,71.92,0.68
LA LIBERTAD,200905,18.13,65.4,0.11
LA LIBERTAD,200906,18.24,58.82,0.07
LA LIBERTAD,200907,18.26,57.09,0
LA LIBERTAD,200908,18.52,55.53,0.04
LA LIBERTAD,200909,19.21,52.91,0.1
LA LIBERTAD,200910,18.3,62.09,0.58
LA LIBERTAD,200911,17.89,63.14,0.56
LA LIBERTAD,200912,18.13,67.16,0.19
LA LIBERTAD,201001,18.66,71.87,0.44
LA LIBERTAD,201002,19.16,72.99,0.61
LA LIBERTAD,201003,19.25,69.92,0.37
LA LIBERTAD,201004,18.9,68.54,0.72
LA LIBERTAD,201005,18.77,63.2,0.45
LA LIBERTAD,201006,17.97,59.11,0.14
LA LIBERTAD,201007,17.61,55.69,0.05
LA LIBERTAD,201008,17.83,51.81,0.01
LA LIBERTAD,201009,18.05,54.42,0.1
LA LIBERTAD,201010,17.88,53.65,0.24
LA LIBERTAD,201011,16.88,57.86,0.31
LA LIBERTAD,201012,16.87,65.13,0.69
LA LIBERTAD,201101,17.33,69.89,0.26
LA LIBERTAD,201102,17.7,66.65,0.44
LA LIBERTAD,201103,17.31,66.76,1.25
LA LIBERTAD,201104,17.48,73.59,1.12
LA LIBERTAD,201105,18,64.07,0.06
LA LIBERTAD,201106,18.03,59.55,0.02
LA LIBERTAD,201107,17.42,57.79,0.04
LA LIBERTAD,201108,18.29,52.75,0
LA LIBERTAD,201109,18.49,54.12,0.12
LA LIBERTAD,201110,16.8,56.66,0.83
LA LIBERTAD,201111,17.11,63.72,0.44
LA LIBERTAD,201112,17.39,66.78,0.46
LA LIBERTAD,201201,17.08,72.64,1.18
LA LIBERTAD,201202,17.12,73.72,1.81
LA LIBERTAD,201203,18.32,73.25,0.71
LA LIBERTAD,201204,17.7,72.7,0.78
LA LIBERTAD,201205,18.36,66.5,0.36
LA LIBERTAD,201206,18.13,60.89,0.02
LA LIBERTAD,201207,18,55.99,0
LA LIBERTAD,201208,18.07,54.63,0.02
LA LIBERTAD,201209,18.46,55.99,0.47
LA LIBERTAD,201210,17.79,60.79,0.53
LA LIBERTAD,201211,17.75,65.19,0.66
LA LIBERTAD,201212,17.84,60.56,0.43
LA LIBERTAD,201301,18.59,68.28,0.45
LA LIBERTAD,201302,17.92,71.18,0.55
LA LIBERTAD,201303,18.51,72.1,1.19
LA LIBERTAD,201304,18.66,63.78,0.25
LA LIBERTAD,201305,17.79,65.22,0.46
LA LIBERTAD,201306,18.03,57.83,0.16
LA LIBERTAD,201307,17.37,54.17,0.07
LA LIBERTAD,201308,17.94,54.96,0.28
LA LIBERTAD,201309,18.39,54.09,0.06
LA LIBERTAD,201310,17.78,62.93,0.87
LA LIBERTAD,201311,17.39,56.99,0.23
LA LIBERTAD,201312,17.69,67.35,0.43
LA LIBERTAD,201401,17.97,71.86,0.43
LA LIBERTAD,201402,17.89,69.9,0.55
LA LIBERTAD,201403,17.79,73.09,1.34
LA LIBERTAD,201404,18.84,66.86,0.72
LA LIBERTAD,201405,18.15,70.56,0.31
LA LIBERTAD,201406,18.51,61.48,0.04
LA LIBERTAD,201407,18.69,53.51,0.01
LA LIBERTAD,201408,18.28,53.98,0.03
LA LIBERTAD,201409,18.26,57.8,0.47
LA LIBERTAD,201410,18.09,60.6,0.28
LA LIBERTAD,201411,17.5,62.1,0.55
LA LIBERTAD,201412,17.84,68.96,0.87
LA LIBERTAD,201501,18.08,70.6,0.96
LA LIBERTAD,201502,18.06,76.63,0.68
LA LIBERTAD,201503,17.94,75.7,1.49
LA LIBERTAD,201504,18.53,70.99,0.87
LA LIBERTAD,201505,18.67,70.32,0.8
LA LIBERTAD,201506,18.5,61.78,0.02
LA LIBERTAD,201507,18.65,57.67,0.03
LA LIBERTAD,201508,18.97,53.88,0.01
LA LIBERTAD,201509,19.51,56.05,0.19
LA LIBERTAD,201510,19.12,60.44,0.18
LA LIBERTAD,201511,18.3,65.53,0.74
LA LIBERTAD,201512,19.98,64.06,0.43
LA LIBERTAD,201601,18.82,70.96,1.12
LA LIBERTAD,201602,19.38,76.19,1.18
LA LIBERTAD,201603,19.34,74.62,1.17
LA LIBERTAD,201604,19.02,70.23,0.63
LA LIBERTAD,201605,19.43,59.87,0.09
LA LIBERTAD,201606,18,56.49,0.04
LA LIBERTAD,201607,18.03,54.9,0.01
LA LIBERTAD,201608,18.84,54.06,0.01
LA LIBERTAD,201609,18.86,55.7,0.13
LA LIBERTAD,201610,18.01,60.39,0.77
LA LIBERTAD,201611,17.84,53.87,0.21
LA LIBERTAD,201612,17.38,70.14,1.09
LA LIBERTAD,201701,17.33,76.41,0.84
LA LIBERTAD,201702,17.7,75.9,0.88
LA LIBERTAD,201703,17.83,80.57,2.4
LA LIBERTAD,201704,18.41,73.23,0.65
LA LIBERTAD,201705,17.97,71.78,0.63
LA LIBERTAD,201706,17.91,63.18,0.09
LA LIBERTAD,201707,17.78,55.54,0
LA LIBERTAD,201708,18.47,53.91,0.23
LA LIBERTAD,201709,18.64,55.79,0.12
LA LIBERTAD,201710,18.37,62.12,1.24
LA LIBERTAD,201711,17.44,61.37,2.24
LA LIBERTAD,201712,17.52,72.33,1.25
LA LIBERTAD,201801,17.32,74.01,1.25
LA LIBERTAD,201802,17.55,74.15,1.83
LA LIBERTAD,201803,18.16,74.05,1.19
LA LIBERTAD,201804,17.54,72.52,2.55
LA LIBERTAD,201805,17.88,70.03,0.84
LA LIBERTAD,201806,17.29,63.32,0.12
LA LIBERTAD,201807,17.62,58.57,0.04
LA LIBERTAD,201808,18.32,52.96,0.07
LA LIBERTAD,201809,18.58,55.56,0.17
LA LIBERTAD,201810,17.69,61.38,0.52
LA LIBERTAD,201811,17.72,67.84,1.28
LA LIBERTAD,201812,18.05,68.32,0.77
LA LIBERTAD,201901,18.37,71.18,0.42
LA LIBERTAD,201902,18.71,77.2,1.34
LA LIBERTAD,201903,18.51,75.2,1.71
LA LIBERTAD,201904,18.55,71.62,0.46
LA LIBERTAD,201905,18.52,68.33,0.43
LA LIBERTAD,201906,18.44,56.76,0.12
LA LIBERTAD,201907,18.17,55.51,0.15
LA LIBERTAD,201908,18.57,50.28,0.03
LA LIBERTAD,201909,18.79,56.23,0.26
LA LIBERTAD,201910,17.87,62.89,1.04
LA LIBERTAD,201911,17.91,66.68,0.57
LA LIBERTAD,201912,18,71.88,1.2
LA LIBERTAD,202001,18.71,69.32,0.31
LA LIBERTAD,202002,19.07,72.05,0.33
LA LIBERTAD,202003,18.53,71.81,0.48
LA LIBERTAD,202004,18.35,71.65,1.17
LA LIBERTAD,202005,18.94,63.67,0.15
LA LIBERTAD,202006,18.32,57.93,0.04
LA LIBERTAD,202007,17.47,63.91,2.33
LA LIBERTAD,202008,17.84,58.17,0
LA LIBERTAD,202009,18.29,57.05,0.17
LA LIBERTAD,202010,18.48,58.16,0.53
LA LIBERTAD,202011,17.71,56.66,0.58
LA LIBERTAD,202012,17.04,73.12,1
LA LIBERTAD,202101,17.34,74.36,0.71
LA LIBERTAD,202102,18.34,67.46,0.26
LA LIBERTAD,202103,17.53,72.36,1.05
LA LIBERTAD,202104,18.27,67.83,0.33
LA LIBERTAD,202105,18.21,62.01,0.21
LA LIBERTAD,202106,17.89,60.64,0.08
LA LIBERTAD,202107,17.88,56.69,0.1
LA LIBERTAD,202108,18.14,56.02,0.18
LA LIBERTAD,202109,18.36,56.88,0.27
LA LIBERTAD,202110,18.03,64.21,0.97
LA LIBERTAD,202111,17.23,61.74,0.77
LA LIBERTAD,202112,17.45,68.78,0.9
LA LIBERTAD,202201,17.31,71.58,0.8
LA LIBERTAD,202202,16.83,75.3,1.69
LA LIBERTAD,202203,17.42,74.23,1.44
LA LIBERTAD,202204,17.56,72.49,1.17
LA LIBERTAD,202205,18.1,64.11,0.61
LA LIBERTAD,202206,16.75,61.38,0.31
LA LIBERTAD,202207,17.8,55.09,0.13
LA LIBERTAD,202208,18.1,53.91,0.18
LA LIBERTAD,202209,18.2,56.05,0.55
LA LIBERTAD,202210,18.07,49.09,0.23
LA LIBERTAD,202211,17.93,57.16,0.18
LA LIBERTAD,202212,17.16,70.05,0.55
LA LIBERTAD,202301,17.02,71.41,3.79
LA LIBERTAD,202302,17.67,78.46,1.57
LA LIBERTAD,202303,17.61,79.33,1.34
LA LIBERTAD,202304,17.93,81.37,0.71
LA LIBERTAD,202305,19.04,72.64,0.44
LA LIBERTAD,202306,18.55,67.95,0.01
LA LIBERTAD,202307,19.01,61.67,0.07
LA LIBERTAD,202308,19.09,60.35,0.07
LA LIBERTAD,202309,19.83,59.68,0.11
LA LIBERTAD,202310,18.92,67.56,0.74
LA LIBERTAD,202311,18.93,63.85,0.61
LA LIBERTAD,202312,18.64,74.4,1.74
LA LIBERTAD,202401,19.15,75.24,0.48
LA LIBERTAD,202402,19.44,75.67,0.53
LA LIBERTAD,202403,19.33,71.08,0.62
LA LIBERTAD,202404,18.69,73.47,0.68
LA LIBERTAD,202405,19.6,61.49,0.25
LA LIBERTAD,202406,18.77,56.8,0.09
LA LIBERTAD,202407,18.65,54.12,0.05
LA LIBERTAD,202408,18.78,52.18,0.02
LA LIBERTAD,202409,19.44,53.22,0.33
LA LIBERTAD,202410,19.05,58.98,0.43
LA LIBERTAD,202411,17.77,63.41,0.51
LA LIBERTAD,202412,17.63,73.42,1.25
ICA,200001,18.56,75.05,0.56
ICA,200002,19.43,68.97,0.26
ICA,200003,19.64,68.66,0.14
ICA,200004,19.57,67.21,0.02
ICA,200005,17.67,62.71,0.02
ICA,200006,16.5,56.24,0.02
ICA,200007,16.45,51.8,0.04
ICA,200008,17.18,54.81,0.03
ICA,200009,17.3,50.62,0.03
ICA,200010,18.37,53.9,0.11
ICA,200011,17.8,50,0.02
ICA,200012,19.1,64.83,0.11
ICA,200101,19.31,68.74,0.12
ICA,200102,20.22,71.55,0.21
ICA,200103,20.28,68.86,0.11
ICA,200104,19.95,62.82,0.03
ICA,200105,17.76,57.78,0.26
ICA,200106,16.65,57.22,0.03
ICA,200107,16.66,53.77,0.05
ICA,200108,17.56,48.09,0.04
ICA,200109,16.89,53.06,0.02
ICA,200110,17.87,54.07,0.2
ICA,200111,17.97,55.95,0.11
ICA,200112,18.96,55.65,0.06
ICA,200201,19.35,63.72,0.43
ICA,200202,20.12,69.13,0.19
ICA,200203,20.86,65.44,0.2
ICA,200204,19.19,66.53,0.03
ICA,200205,18.89,58.63,0.03
ICA,200206,16.78,58.88,0.01
ICA,200207,16.98,51.21,0.04
ICA,200208,17.83,50.45,0.03
ICA,200209,17.93,51.49,0.1
ICA,200210,18.45,54.34,0.05
ICA,200211,18.62,59.81,0.08
ICA,200212,19.62,59.62,0.14
ICA,200301,20.16,64.65,0.16
ICA,200302,20.51,70.33,0.2
ICA,200303,20.46,65.09,0.2
ICA,200304,19.51,59.22,0.12
ICA,200305,18.72,55.89,0.01
ICA,200306,17.1,57.39,0
ICA,200307,16.72,55.55,0
ICA,200308,17.45,49.9,0.06
ICA,200309,18.11,47.25,0.03
ICA,200310,18.49,49.91,0.01
ICA,200311,18.73,53.3,0.05
ICA,200312,19.12,66.88,0.45
ICA,200401,19.58,69.37,0.25
ICA,200402,20.22,68.11,0.16
ICA,200403,20.7,67.27,0.09
ICA,200404,19.48,61.94,0.01
ICA,200405,17.96,51.39,0.01
ICA,200406,17.06,49.76,0.05
ICA,200407,16.24,54.6,0.06
ICA,200408,17.26,51.33,0.04
ICA,200409,17.67,56.52,0.09
ICA,200410,18.15,51.74,0.02
ICA,200411,18.45,58.5,0.3
ICA,200412,18.99,65.18,0.31
ICA,200501,19.98,66.75,0.11
ICA,200502,20.3,66.71,0.06
ICA,200503,20.23,64.92,0.08
ICA,200504,20.25,60.2,0.12
ICA,200505,17.83,55.49,0
ICA,200506,17.32,50.81,0
ICA,200507,16.71,51.02,0
ICA,200508,17.33,49.36,0
ICA,200509,17.93,46.56,0.03
ICA,200510,17.42,50.36,0.17
ICA,200511,18,52.63,0.04
ICA,200512,18.44,62.57,0.33
ICA,200601,19.69,69.31,0.26
ICA,200602,20.56,71.43,0.37
ICA,200603,20.36,68.06,0.21
ICA,200604,19.22,62.62,0.05
ICA,200605,17.94,52.94,0.55
ICA,200606,16.85,58.69,0.02
ICA,200607,17.13,54.17,0
ICA,200608,17.99,49.94,0.05
ICA,200609,18.24,47.91,0.02
ICA,200610,18.06,52.33,0.04
ICA,200611,18.38,59.3,0.12
ICA,200612,19.31,60.18,0.1
ICA,200701,20.33,68.48,0.43
ICA,200702,20.36,64.46,0.19
ICA,200703,20.21,68.72,0.55
ICA,200704,19.55,61.68,0.05
ICA,200705,17.93,54.23,0.01
ICA,200706,17.07,55.12,0
ICA,200707,16.6,49.31,0.05
ICA,200708,16.15,52.53,0
ICA,200709,17.09,50.86,0.07
ICA,200710,17.02,49.95,0.09
ICA,200711,17.89,54.87,0.15
ICA,200712,17.75,65.38,0.45
ICA,200801,19.14,74.24,0.49
ICA,200802,19.69,70.88,0.44
ICA,200803,19.98,66.06,0.16
ICA,200804,18.88,62.67,0.08
ICA,200805,17.52,50.61,0.06
ICA,200806,16.38,55.24,0.01
ICA,200807,15.95,55.89,0
ICA,200808,16.7,52.11,0
ICA,200809,17.51,48.49,0.03
ICA,200810,17.75,51.46,0.21
ICA,200811,18.35,58.41,0.08
ICA,200812,18.39,64.59,0.21
ICA,200901,19.59,69.32,0.27
ICA,200902,20.02,73.07,0.48
ICA,200903,19.94,71.04,0.21
ICA,200904,19.52,63.41,0.08
ICA,200905,18.4,58.6,0.16
ICA,200906,17.2,51.34,0
ICA,200907,17.15,49.31,0.02
ICA,200908,17.67,46.42,0.01
ICA,200909,17.91,50.17,0.03
ICA,200910,18.49,52.04,0.07
ICA,200911,18.93,54.22,0.2
ICA,200912,19.3,61.26,0.41
ICA,201001,20.11,63.11,0.2
ICA,201002,21.34,65.73,0.32
ICA,201003,20.98,64.21,0.16
ICA,201004,19.69,65.12,0.06
ICA,201005,18.65,57.91,0.05
ICA,201006,16.92,57.17,0
ICA,201007,16.04,49.56,0.01
ICA,201008,16.95,46.15,0.01
ICA,201009,17.58,49.1,0.09
ICA,201010,17.78,48.37,0.13
ICA,201011,17.75,51.98,0.07
ICA,201012,18.24,63.85,0.25
ICA,201101,19.22,67.85,0.37
ICA,201102,19.84,68.63,0.41
ICA,201103,19.67,63.03,0.54
ICA,201104,19.28,64.69,0.04
ICA,201105,18.13,55.59,0.01
ICA,201106,17.22,55.36,0
ICA,201107,16.41,53.12,0.1
ICA,201108,17.31,49.88,0.02
ICA,201109,18.21,44.56,0.08
ICA,201110,17.22,50.11,0.09
ICA,201111,18.06,58.8,0.55
ICA,201112,18.74,66.51,0.2
ICA,201201,19.46,66.23,0.25
ICA,201202,19.88,68.01,0.56
ICA,201203,20.71,66.93,0.31
ICA,201204,19.53,65.46,0.11
ICA,201205,18.62,55.44,0.01
ICA,201206,17.7,55.89,0.05
ICA,201207,17.32,50.25,0.02
ICA,201208,17.34,49.88,0.01
ICA,201209,18.26,51.28,0.14
ICA,201210,18.3,49.75,0.2
ICA,201211,18.88,53.37,0.37
ICA,201212,19.29,62.44,0.34
ICA,201301,20.24,63.64,0.2
ICA,201302,20.4,67.55,0.22
ICA,201303,21.04,62.53,0.12
ICA,201304,19.47,54.69,0.02
ICA,201305,18.16,58.84,0.03
ICA,201306,17.53,54.09,0.05
ICA,201307,17.04,48.95,0.02
ICA,201308,17.05,48.55,0.29
ICA,201309,18.26,48.42,0.03
ICA,201310,18.61,44.65,0.11
ICA,201311,18.37,50.75,0.12
ICA,201312,19.25,61.34,0.35
ICA,201401,20.13,66.66,0.25
ICA,201402,20.25,63.16,0.18
ICA,201403,19.99,65.27,0.21
ICA,201404,19.61,58,0.05
ICA,201405,17.95,54.1,0.01
ICA,201406,17.64,54.9,0
ICA,201407,18.04,45.59,0.01
ICA,201408,18.28,47.13,0.02
ICA,201409,18.48,49.36,0.09
ICA,201410,19.14,50,0.12
ICA,201411,18.87,53.36,0.13
ICA,201412,19.62,57.38,0.26
ICA,201501,19.6,64.18,0.91
ICA,201502,19.98,73.72,1.44
ICA,201503,20.08,73.61,0.71
ICA,201504,19.95,65.68,0.2
ICA,201505,18.99,57.01,0.12
ICA,201506,18.33,53.94,0.07
ICA,201507,17.88,47.78,0.16
ICA,201508,18.41,45.83,0.04
ICA,201509,19.22,47.6,0.35
ICA,201510,19.39,51.5,0.14
ICA,201511,19.25,54.65,0.53
ICA,201512,20.67,54.24,1.19
ICA,201601,20.72,61.05,0.36
ICA,201602,21.39,68.83,1.34
ICA,201603,21.62,67.15,0.23
ICA,201604,20.2,61.8,0.25
ICA,201605,19.55,51.7,0.09
ICA,201606,17.95,50.18,0.03
ICA,201607,17.5,51.81,0.1
ICA,201608,17.99,50.52,0.1
ICA,201609,18.73,47.4,0.19
ICA,201610,18.63,50.44,0.42
ICA,201611,19.15,49.77,0.31
ICA,201612,19.06,64,0.58
ICA,201701,19.92,73.73,1.13
ICA,201702,20.5,70.74,1.17
ICA,201703,20.43,70.23,0.83
ICA,201704,19.93,63.55,0.36
ICA,201705,18.47,62.48,0.7
ICA,201706,17.36,57.41,0.02
ICA,201707,17.33,54.51,0.12
ICA,201708,17.55,45.45,0
ICA,201709,18.41,47.57,0.1
ICA,201710,19.32,46.32,0.35
ICA,201711,18.68,51.19,0.11
ICA,201712,19.26,59.39,0.62
ICA,201801,19.39,69.61,1.05
ICA,201802,19.33,72.92,1.38
ICA,201803,20.02,68.15,0.93
ICA,201804,19.66,62.75,0.24
ICA,201805,18.28,57.55,0.07
ICA,201806,17.58,54.44,0.08
ICA,201807,17.66,52.74,0.15
ICA,201808,18.06,49.01,0.33
ICA,201809,18.46,46.68,0.09
ICA,201810,18.47,55.8,0.36
ICA,201811,19.17,51.15,0.16
ICA,201812,19.83,56.93,0.37
ICA,201901,20.1,69.1,0.69
ICA,201902,21.07,71.42,1.14
ICA,201903,20.86,66.31,0.82
ICA,201904,19.83,61.73,0.2
ICA,201905,18.83,53.79,0.04
ICA,201906,18.14,50.8,0.03
ICA,201907,17.49,50.24,0.1
ICA,201908,18.4,44.35,0.01
ICA,201909,18.59,50.58,0.13
ICA,201910,18.73,47.26,0.13
ICA,201911,19.35,56.75,0.41
ICA,201912,19.56,64.65,1.06
ICA,202001,20.41,69.73,0.37
ICA,202002,20.97,70.12,0.52
ICA,202003,20.72,70.6,0.71
ICA,202004,20.2,60.37,0.15
ICA,202005,19.56,51.41,0.13
ICA,202006,17.65,53.25,0
ICA,202007,17.1,47.39,0.01
ICA,202008,17.62,46.05,0.02
ICA,202009,18.04,48.21,0.1
ICA,202010,19.42,49.43,0.25
ICA,202011,18.99,50.28,0.14
ICA,202012,18.94,65.21,1.39
ICA,202101,19.4,68.96,1.04
ICA,202102,20.39,62.62,0.61
ICA,202103,19.77,70.04,1.07
ICA,202104,19.17,64.51,0.81
ICA,202105,18.45,56.78,0.1
ICA,202106,17.49,52.05,0.06
ICA,202107,17.45,50.74,0
ICA,202108,17.88,47.87,0.03
ICA,202109,18.36,49.7,0.12
ICA,202110,18.94,46.74,0.25
ICA,202111,18.3,54.93,0.64
ICA,202112,18.79,62.34,0.62
ICA,202201,19.21,70.23,1.12
ICA,202202,18.96,70.77,1.2
ICA,202203,19.42,69.98,1
ICA,202204,18.93,61.76,0.38
ICA,202205,18.31,49.16,0.06
ICA,202206,16.79,51.36,0.06
ICA,202207,17.08,50.29,0.02
ICA,202208,17.52,46.06,0.02
ICA,202209,18.06,39.61,0.01
ICA,202210,18.27,39.45,0.02
ICA,202211,18.93,49.83,0.03
ICA,202212,19.17,64.56,0.46
ICA,202301,19.4,68.98,0.87
ICA,202302,20.18,73.75,1.23
ICA,202303,20.37,72.66,0.43
ICA,202304,20.12,69.6,0.16
ICA,202305,19.53,56.26,0.21
ICA,202306,18.57,51.13,0
ICA,202307,18.56,52.43,0
ICA,202308,19.03,50.77,0.01
ICA,202309,19.51,51.34,0.2
ICA,202310,19.66,60.2,0.19
ICA,202311,19.97,53.15,0.28
ICA,202312,20.05,65.27,0.99
ICA,202401,20.68,71.6,0.63
ICA,202402,21.46,72.44,1.31
ICA,202403,21.19,70.37,1.08
ICA,202404,19.99,69.61,0.29
ICA,202405,19.49,54.57,0.23
ICA,202406,18.31,50.71,0.14
ICA,202407,18.07,47.45,0.03
ICA,202408,18.53,43.47,0.01
ICA,202409,19.7,45.43,0.24
ICA,202410,19.89,46.83,0.27
ICA,202411,18.58,62.16,1.12
ICA,202412,19.17,68.59,0.64
