id_tiempo,ano,semana
2000-W01,2000,1
2000-W02,2000,2
2000-W03,2000,3
2000-W04,2000,4
2000-W05,2000,5
2000-W06,2000,6
2000-W07,2000,7
2000-W08,2000,8
2000-W09,2000,9
2000-W10,2000,10
2000-W11,2000,11
2000-W12,2000,12
2000-W13,2000,13
2000-W14,2000,14
2000-W15,2000,15
2000-W16,2000,16
2000-W17,2000,17
2000-W18,2000,18
2000-W19,2000,19
2000-W20,2000,20
2000-W21,2000,21
2000-W22,2000,22
2000-W23,2000,23
2000-W24,2000,24
2000-W25,2000,25
2000-W26,2000,26
2000-W27,2000,27
2000-W28,2000,28
2000-W29,2000,29
2000-W30,2000,30
2000-W31,2000,31
2000-W32,2000,32
2000-W33,2000,33
2000-W34,2000,34
2000-W35,2000,35
2000-W36,2000,36
2000-W37,2000,37
2000-W38,2000,38
2000-W39,2000,39
2000-W40,2000,40
2000-W41,2000,41
2000-W42,2000,42
2000-W43,2000,43
2000-W44,2000,44
2000-W45,2000,45
2000-W46,2000,46
2000-W47,2000,47
2000-W48,2000,48
2000-W49,2000,49
2000-W50,2000,50
2000-W51,2000,51
2000-W52,2000,52
2001-W01,2001,1
2001-W02,2001,2
2001-W03,2001,3
2001-W04,2001,4
2001-W05,2001,5
2001-W06,2001,6
2001-W07,2001,7
2001-W08,2001,8
2001-W09,2001,9
2001-W10,2001,10
2001-W11,2001,11
2001-W12,2001,12
2001-W13,2001,13
2001-W14,2001,14
2001-W15,2001,15
2001-W16,2001,16
2001-W17,2001,17
2001-W18,2001,18
2001-W19,2001,19
2001-W20,2001,20
2001-W21,2001,21
2001-W22,2001,22
2001-W23,2001,23
2001-W24,2001,24
2001-W25,2001,25
2001-W26,2001,26
2001-W27,2001,27
2001-W28,2001,28
2001-W29,2001,29
2001-W30,2001,30
2001-W31,2001,31
2001-W32,2001,32
2001-W33,2001,33
2001-W34,2001,34
2001-W35,2001,35
2001-W36,2001,36
2001-W37,2001,37
2001-W38,2001,38
2001-W39,2001,39
2001-W40,2001,40
2001-W41,2001,41
2001-W42,2001,42
2001-W43,2001,43
2001-W44,2001,44
2001-W45,2001,45
2001-W46,2001,46
2001-W47,2001,47
2001-W48,2001,48
2001-W49,2001,49
2001-W50,2001,50
2001-W51,2001,51
2001-W52,2001,52
2002-W01,2002,1
2002-W02,2002,2
2002-W03,2002,3
2002-W04,2002,4
2002-W05,2002,5
2002-W06,2002,6
2002-W07,2002,7
2002-W08,2002,8
2002-W09,2002,9
2002-W10,2002,10
2002-W11,2002,11
2002-W12,2002,12
2002-W13,2002,13
2002-W14,2002,14
2002-W15,2002,15
2002-W16,2002,16
2002-W17,2002,17
2002-W18,2002,18
2002-W19,2002,19
2002-W20,2002,20
2002-W21,2002,21
2002-W22,2002,22
2002-W23,2002,23
2002-W24,2002,24
2002-W25,2002,25
2002-W26,2002,26
2002-W27,2002,27
2002-W28,2002,28
2002-W29,2002,29
2002-W30,2002,30
2002-W31,2002,31
2002-W32,2002,32
2002-W33,2002,33
2002-W34,2002,34
2002-W35,2002,35
2002-W36,2002,36
2002-W37,2002,37
2002-W38,2002,38
2002-W39,2002,39
2002-W40,2002,40
2002-W41,2002,41
2002-W42,2002,42
2002-W43,2002,43
2002-W44,2002,44
2002-W45,2002,45
2002-W46,2002,46
2002-W47,2002,47
2002-W48,2002,48
2002-W49,2002,49
2002-W50,2002,50
2002-W51,2002,51
2002-W52,2002,52
2003-W01,2003,1
2003-W02,2003,2
2003-W03,2003,3
2003-W04,2003,4
2003-W05,2003,5
2003-W06,2003,6
2003-W07,2003,7
2003-W08,2003,8
2003-W09,2003,9
2003-W10,2003,10
2003-W11,2003,11
2003-W12,2003,12
2003-W13,2003,13
2003-W14,2003,14
2003-W15,2003,15
2003-W16,2003,16
2003-W17,2003,17
2003-W18,2003,18
2003-W19,2003,19
2003-W20,2003,20
2003-W21,2003,21
2003-W22,2003,22
2003-W23,2003,23
2003-W24,2003,24
2003-W25,2003,25
2003-W26,2003,26
2003-W27,2003,27
2003-W28,2003,28
2003-W29,2003,29
2003-W30,2003,30
2003-W31,2003,31
2003-W32,2003,32
2003-W33,2003,33
2003-W34,2003,34
2003-W35,2003,35
2003-W36,2003,36
2003-W37,2003,37
2003-W38,2003,38
2003-W39,2003,39
2003-W40,2003,40
2003-W41,2003,41
2003-W42,2003,42
2003-W43,2003,43
2003-W44,2003,44
2003-W45,2003,45
2003-W46,2003,46
2003-W47,2003,47
2003-W48,2003,48
2003-W49,2003,49
2003-W50,2003,50
2003-W51,2003,51
2003-W52,2003,52
2003-W53,2003,53
2004-W01,2004,1
2004-W02,2004,2
2004-W03,2004,3
2004-W04,2004,4
2004-W05,2004,5
2004-W06,2004,6
2004-W07,2004,7
2004-W08,2004,8
2004-W09,2004,9
2004-W10,2004,10
2004-W11,2004,11
2004-W12,2004,12
2004-W13,2004,13
2004-W14,2004,14
2004-W15,2004,15
2004-W16,2004,16
2004-W17,2004,17
2004-W18,2004,18
2004-W19,2004,19
2004-W20,2004,20
2004-W21,2004,21
2004-W22,2004,22
2004-W23,2004,23
2004-W24,2004,24
2004-W25,2004,25
2004-W26,2004,26
2004-W27,2004,27
2004-W28,2004,28
2004-W29,2004,29
2004-W30,2004,30
2004-W31,2004,31
2004-W32,2004,32
2004-W33,2004,33
2004-W34,2004,34
2004-W35,2004,35
2004-W36,2004,36
2004-W37,2004,37
2004-W38,2004,38
2004-W39,2004,39
2004-W40,2004,40
2004-W41,2004,41
2004-W42,2004,42
2004-W43,2004,43
2004-W44,2004,44
2004-W45,2004,45
2004-W46,2004,46
2004-W47,2004,47
2004-W48,2004,48
2004-W49,2004,49
2004-W50,2004,50
2004-W51,2004,51
2004-W52,2004,52
2005-W01,2005,1
2005-W02,2005,2
2005-W03,2005,3
2005-W04,2005,4
2005-W05,2005,5
2005-W06,2005,6
2005-W07,2005,7
2005-W08,2005,8
2005-W09,2005,9
2005-W10,2005,10
2005-W11,2005,11
2005-W12,2005,12
2005-W13,2005,13
2005-W14,2005,14
2005-W15,2005,15
2005-W16,2005,16
2005-W17,2005,17
2005-W18,2005,18
2005-W19,2005,19
2005-W20,2005,20
2005-W21,2005,21
2005-W22,2005,22
2005-W23,2005,23
2005-W24,2005,24
2005-W25,2005,25
2005-W26,2005,26
2005-W27,2005,27
2005-W28,2005,28
2005-W29,2005,29
2005-W30,2005,30
2005-W31,2005,31
2005-W32,2005,32
2005-W33,2005,33
2005-W34,2005,34
2005-W35,2005,35
2005-W36,2005,36
2005-W37,2005,37
2005-W38,2005,38
2005-W39,2005,39
2005-W40,2005,40
2005-W41,2005,41
2005-W42,2005,42
2005-W43,2005,43
2005-W44,2005,44
2005-W45,2005,45
2005-W46,2005,46
2005-W47,2005,47
2005-W48,2005,48
2005-W49,2005,49
2005-W50,2005,50
2005-W51,2005,51
2005-W52,2005,52
2006-W01,2006,1
2006-W02,2006,2
2006-W03,2006,3
2006-W04,2006,4
2006-W05,2006,5
2006-W06,2006,6
2006-W07,2006,7
2006-W08,2006,8
2006-W09,2006,9
2006-W10,2006,10
2006-W11,2006,11
2006-W12,2006,12
2006-W13,2006,13
2006-W14,2006,14
2006-W15,2006,15
2006-W16,2006,16
2006-W17,2006,17
2006-W18,2006,18
2006-W19,2006,19
2006-W20,2006,20
2006-W21,2006,21
2006-W22,2006,22
2006-W23,2006,23
2006-W24,2006,24
2006-W25,2006,25
2006-W26,2006,26
2006-W27,2006,27
2006-W28,2006,28
2006-W29,2006,29
2006-W30,2006,30
2006-W31,2006,31
2006-W32,2006,32
2006-W33,2006,33
2006-W34,2006,34
2006-W35,2006,35
2006-W36,2006,36
2006-W37,2006,37
2006-W38,2006,38
2006-W39,2006,39
2006-W40,2006,40
2006-W41,2006,41
2006-W42,2006,42
2006-W43,2006,43
2006-W44,2006,44
2006-W45,2006,45
2006-W46,2006,46
2006-W47,2006,47
2006-W48,2006,48
2006-W49,2006,49
2006-W50,2006,50
2006-W51,2006,51
2006-W52,2006,52
2007-W01,2007,1
2007-W02,2007,2
2007-W03,2007,3
2007-W04,2007,4
2007-W05,2007,5
2007-W06,2007,6
2007-W07,2007,7
2007-W08,2007,8
2007-W09,2007,9
2007-W10,2007,10
2007-W11,2007,11
2007-W12,2007,12
2007-W13,2007,13
2007-W14,2007,14
2007-W15,2007,15
2007-W16,2007,16
2007-W17,2007,17
2007-W18,2007,18
2007-W19,2007,19
2007-W20,2007,20
2007-W21,2007,21
2007-W22,2007,22
2007-W23,2007,23
2007-W24,2007,24
2007-W25,2007,25
2007-W26,2007,26
2007-W27,2007,27
2007-W28,2007,28
2007-W29,2007,29
2007-W30,2007,30
2007-W31,2007,31
2007-W32,2007,32
2007-W33,2007,33
2007-W34,2007,34
2007-W35,2007,35
2007-W36,2007,36
2007-W37,2007,37
2007-W38,2007,38
2007-W39,2007,39
2007-W40,2007,40
2007-W41,2007,41
2007-W42,2007,42
2007-W43,2007,43
2007-W44,2007,44
2007-W45,2007,45
2007-W46,2007,46
2007-W47,2007,47
2007-W48,2007,48
2007-W49,2007,49
2007-W50,2007,50
2007-W51,2007,51
2007-W52,2007,52
2008-W01,2008,1
2008-W02,2008,2
2008-W03,2008,3
2008-W04,2008,4
2008-W05,2008,5
2008-W06,2008,6
2008-W07,2008,7
2008-W08,2008,8
2008-W09,2008,9
2008-W10,2008,10
2008-W11,2008,11
2008-W12,2008,12
2008-W13,2008,13
2008-W14,2008,14
2008-W15,2008,15
2008-W16,2008,16
2008-W17,2008,17
2008-W18,2008,18
2008-W19,2008,19
2008-W20,2008,20
2008-W21,2008,21
2008-W22,2008,22
2008-W23,2008,23
2008-W24,2008,24
2008-W25,2008,25
2008-W26,2008,26
2008-W27,2008,27
2008-W28,2008,28
2008-W29,2008,29
2008-W30,2008,30
2008-W31,2008,31
2008-W32,2008,32
2008-W33,2008,33
2008-W34,2008,34
2008-W35,2008,35
2008-W36,2008,36
2008-W37,2008,37
2008-W38,2008,38
2008-W39,2008,39
2008-W40,2008,40
2008-W41,2008,41
2008-W42,2008,42
2008-W43,2008,43
2008-W44,2008,44
2008-W45,2008,45
2008-W46,2008,46
2008-W47,2008,47
2008-W48,2008,48
2008-W49,2008,49
2008-W50,2008,50
2008-W51,2008,51
2008-W52,2008,52
2008-W53,2008,53
2009-W01,2009,1
2009-W02,2009,2
2009-W03,2009,3
2009-W04,2009,4
2009-W05,2009,5
2009-W06,2009,6
2009-W07,2009,7
2009-W08,2009,8
2009-W09,2009,9
2009-W10,2009,10
2009-W11,2009,11
2009-W12,2009,12
2009-W13,2009,13
2009-W14,2009,14
2009-W15,2009,15
2009-W16,2009,16
2009-W17,2009,17
2009-W18,2009,18
2009-W19,2009,19
2009-W20,2009,20
2009-W21,2009,21
2009-W22,2009,22
2009-W23,2009,23
2009-W24,2009,24
2009-W25,2009,25
2009-W26,2009,26
2009-W27,2009,27
2009-W28,2009,28
2009-W29,2009,29
2009-W30,2009,30
2009-W31,2009,31
2009-W32,2009,32
2009-W33,2009,33
2009-W34,2009,34
2009-W35,2009,35
2009-W36,2009,36
2009-W37,2009,37
2009-W38,2009,38
2009-W39,2009,39
2009-W40,2009,40
2009-W41,2009,41
2009-W42,2009,42
2009-W43,2009,43
2009-W44,2009,44
2009-W45,2009,45
2009-W46,2009,46
2009-W47,2009,47
2009-W48,2009,48
2009-W49,2009,49
2009-W50,2009,50
2009-W51,2009,51
2009-W52,2009,52
2009-W53,2009,53
2010-W01,2010,1
2010-W02,2010,2
2010-W03,2010,3
2010-W04,2010,4
2010-W05,2010,5
2010-W06,2010,6
2010-W07,2010,7
2010-W08,2010,8
2010-W09,2010,9
2010-W10,2010,10
2010-W11,2010,11
2010-W12,2010,12
2010-W13,2010,13
2010-W14,2010,14
2010-W15,2010,15
2010-W16,2010,16
2010-W17,2010,17
2010-W18,2010,18
2010-W19,2010,19
2010-W20,2010,20
2010-W21,2010,21
2010-W22,2010,22
2010-W23,2010,23
2010-W24,2010,24
2010-W25,2010,25
2010-W26,2010,26
2010-W27,2010,27
2010-W28,2010,28
2010-W29,2010,29
2010-W30,2010,30
2010-W31,2010,31
2010-W32,2010,32
2010-W33,2010,33
2010-W34,2010,34
2010-W35,2010,35
2010-W36,2010,36
2010-W37,2010,37
2010-W38,2010,38
2010-W39,2010,39
2010-W40,2010,40
2010-W41,2010,41
2010-W42,2010,42
2010-W43,2010,43
2010-W44,2010,44
2010-W45,2010,45
2010-W46,2010,46
2010-W47,2010,47
2010-W48,2010,48
2010-W49,2010,49
2010-W50,2010,50
2010-W51,2010,51
2010-W52,2010,52
2011-W01,2011,1
2011-W02,2011,2
2011-W03,2011,3
2011-W04,2011,4
2011-W05,2011,5
2011-W06,2011,6
2011-W07,2011,7
2011-W08,2011,8
2011-W09,2011,9
2011-W10,2011,10
2011-W11,2011,11
2011-W12,2011,12
2011-W13,2011,13
2011-W14,2011,14
2011-W15,2011,15
2011-W16,2011,16
2011-W17,2011,17
2011-W18,2011,18
2011-W19,2011,19
2011-W20,2011,20
2011-W21,2011,21
2011-W22,2011,22
2011-W23,2011,23
2011-W24,2011,24
2011-W25,2011,25
2011-W26,2011,26
2011-W27,2011,27
2011-W28,2011,28
2011-W29,2011,29
2011-W30,2011,30
2011-W31,2011,31
2011-W32,2011,32
2011-W33,2011,33
2011-W34,2011,34
2011-W35,2011,35
2011-W36,2011,36
2011-W37,2011,37
2011-W38,2011,38
2011-W39,2011,39
2011-W40,2011,40
2011-W41,2011,41
2011-W42,2011,42
2011-W43,2011,43
2011-W44,2011,44
2011-W45,2011,45
2011-W46,2011,46
2011-W47,2011,47
2011-W48,2011,48
2011-W49,2011,49
2011-W50,2011,50
2011-W51,2011,51
2011-W52,2011,52
2012-W01,2012,1
2012-W02,2012,2
2012-W03,2012,3
2012-W04,2012,4
2012-W05,2012,5
2012-W06,2012,6
2012-W07,2012,7
2012-W08,2012,8
2012-W09,2012,9
2012-W10,2012,10
2012-W11,2012,11
2012-W12,2012,12
2012-W13,2012,13
2012-W14,2012,14
2012-W15,2012,15
2012-W16,2012,16
2012-W17,2012,17
2012-W18,2012,18
2012-W19,2012,19
2012-W20,2012,20
2012-W21,2012,21
2012-W22,2012,22
2012-W23,2012,23
2012-W24,2012,24
2012-W25,2012,25
2012-W26,2012,26
2012-W27,2012,27
2012-W28,2012,28
2012-W29,2012,29
2012-W30,2012,30
2012-W31,2012,31
2012-W32,2012,32
2012-W33,2012,33
2012-W34,2012,34
2012-W35,2012,35
2012-W36,2012,36
2012-W37,2012,37
2012-W38,2012,38
2012-W39,2012,39
2012-W40,2012,40
2012-W41,2012,41
2012-W42,2012,42
2012-W43,2012,43
2012-W44,2012,44
2012-W45,2012,45
2012-W46,2012,46
2012-W47,2012,47
2012-W48,2012,48
2012-W49,2012,49
2012-W50,2012,50
2012-W51,2012,51
2012-W52,2012,52
2013-W01,2013,1
2013-W02,2013,2
2013-W03,2013,3
2013-W04,2013,4
2013-W05,2013,5
2013-W06,2013,6
2013-W07,2013,7
2013-W08,2013,8
2013-W09,2013,9
2013-W10,2013,10
2013-W11,2013,11
2013-W12,2013,12
2013-W13,2013,13
2013-W14,2013,14
2013-W15,2013,15
2013-W16,2013,16
2013-W17,2013,17
2013-W18,2013,18
2013-W19,2013,19
2013-W20,2013,20
2013-W21,2013,21
2013-W22,2013,22
2013-W23,2013,23
2013-W24,2013,24
2013-W25,2013,25
2013-W26,2013,26
2013-W27,2013,27
2013-W28,2013,28
2013-W29,2013,29
2013-W30,2013,30
2013-W31,2013,31
2013-W32,2013,32
2013-W33,2013,33
2013-W34,2013,34
2013-W35,2013,35
2013-W36,2013,36
2013-W37,2013,37
2013-W38,2013,38
2013-W39,2013,39
2013-W40,2013,40
2013-W41,2013,41
2013-W42,2013,42
2013-W43,2013,43
2013-W44,2013,44
2013-W45,2013,45
2013-W46,2013,46
2013-W47,2013,47
2013-W48,2013,48
2013-W49,2013,49
2013-W50,2013,50
2013-W51,2013,51
2013-W52,2013,52
2014-W01,2014,1
2014-W02,2014,2
2014-W03,2014,3
2014-W04,2014,4
2014-W05,2014,5
2014-W06,2014,6
2014-W07,2014,7
2014-W08,2014,8
2014-W09,2014,9
2014-W10,2014,10
2014-W11,2014,11
2014-W12,2014,12
2014-W13,2014,13
2014-W14,2014,14
2014-W15,2014,15
2014-W16,2014,16
2014-W17,2014,17
2014-W18,2014,18
2014-W19,2014,19
2014-W20,2014,20
2014-W21,2014,21
2014-W22,2014,22
2014-W23,2014,23
2014-W24,2014,24
2014-W25,2014,25
2014-W26,2014,26
2014-W27,2014,27
2014-W28,2014,28
2014-W29,2014,29
2014-W30,2014,30
2014-W31,2014,31
2014-W32,2014,32
2014-W33,2014,33
2014-W34,2014,34
2014-W35,2014,35
2014-W36,2014,36
2014-W37,2014,37
2014-W38,2014,38
2014-W39,2014,39
2014-W40,2014,40
2014-W41,2014,41
2014-W42,2014,42
2014-W43,2014,43
2014-W44,2014,44
2014-W45,2014,45
2014-W46,2014,46
2014-W47,2014,47
2014-W48,2014,48
2014-W49,2014,49
2014-W50,2014,50
2014-W51,2014,51
2014-W52,2014,52
2014-W53,2014,53
2015-W01,2015,1
2015-W02,2015,2
2015-W03,2015,3
2015-W04,2015,4
2015-W05,2015,5
2015-W06,2015,6
2015-W07,2015,7
2015-W08,2015,8
2015-W09,2015,9
2015-W10,2015,10
2015-W11,2015,11
2015-W12,2015,12
2015-W13,2015,13
2015-W14,2015,14
2015-W15,2015,15
2015-W16,2015,16
2015-W17,2015,17
2015-W18,2015,18
2015-W19,2015,19
2015-W20,2015,20
2015-W21,2015,21
2015-W22,2015,22
2015-W23,2015,23
2015-W24,2015,24
2015-W25,2015,25
2015-W26,2015,26
2015-W27,2015,27
2015-W28,2015,28
2015-W29,2015,29
2015-W30,2015,30
2015-W31,2015,31
2015-W32,2015,32
2015-W33,2015,33
2015-W34,2015,34
2015-W35,2015,35
2015-W36,2015,36
2015-W37,2015,37
2015-W38,2015,38
2015-W39,2015,39
2015-W40,2015,40
2015-W41,2015,41
2015-W42,2015,42
2015-W43,2015,43
2015-W44,2015,44
2015-W45,2015,45
2015-W46,2015,46
2015-W47,2015,47
2015-W48,2015,48
2015-W49,2015,49
2015-W50,2015,50
2015-W51,2015,51
2015-W52,2015,52
2016-W01,2016,1
2016-W02,2016,2
2016-W03,2016,3
2016-W04,2016,4
2016-W05,2016,5
2016-W06,2016,6
2016-W07,2016,7
2016-W08,2016,8
2016-W09,2016,9
2016-W10,2016,10
2016-W11,2016,11
2016-W12,2016,12
2016-W13,2016,13
2016-W14,2016,14
2016-W15,2016,15
2016-W16,2016,16
2016-W17,2016,17
2016-W18,2016,18
2016-W19,2016,19
2016-W20,2016,20
2016-W21,2016,21
2016-W22,2016,22
2016-W23,2016,23
2016-W24,2016,24
2016-W25,2016,25
2016-W26,2016,26
2016-W27,2016,27
2016-W28,2016,28
2016-W29,2016,29
2016-W30,2016,30
2016-W31,2016,31
2016-W32,2016,32
2016-W33,2016,33
2016-W34,2016,34
2016-W35,2016,35
2016-W36,2016,36
2016-W37,2016,37
2016-W38,2016,38
2016-W39,2016,39
2016-W40,2016,40
2016-W41,2016,41
2016-W42,2016,42
2016-W43,2016,43
2016-W44,2016,44
2016-W45,2016,45
2016-W46,2016,46
2016-W47,2016,47
2016-W48,2016,48
2016-W49,2016,49
2016-W50,2016,50
2016-W51,2016,51
2016-W52,2016,52
2017-W01,2017,1
2017-W02,2017,2
2017-W03,2017,3
2017-W04,2017,4
2017-W05,2017,5
2017-W06,2017,6
2017-W07,2017,7
2017-W08,2017,8
2017-W09,2017,9
2017-W10,2017,10
2017-W11,2017,11
2017-W12,2017,12
2017-W13,2017,13
2017-W14,2017,14
2017-W15,2017,15
2017-W16,2017,16
2017-W17,2017,17
2017-W18,2017,18
2017-W19,2017,19
2017-W20,2017,20
2017-W21,2017,21
2017-W22,2017,22
2017-W23,2017,23
2017-W24,2017,24
2017-W25,2017,25
2017-W26,2017,26
2017-W27,2017,27
2017-W28,2017,28
2017-W29,2017,29
2017-W30,2017,30
2017-W31,2017,31
2017-W32,2017,32
2017-W33,2017,33
2017-W34,2017,34
2017-W35,2017,35
2017-W36,2017,36
2017-W37,2017,37
2017-W38,2017,38
2017-W39,2017,39
2017-W40,2017,40
2017-W41,2017,41
2017-W42,2017,42
2017-W43,2017,43
2017-W44,2017,44
2017-W45,2017,45
2017-W46,2017,46
2017-W47,2017,47
2017-W48,2017,48
2017-W49,2017,49
2017-W50,2017,50
2017-W51,2017,51
2017-W52,2017,52
2018-W01,2018,1
2018-W02,2018,2
2018-W03,2018,3
2018-W04,2018,4
2018-W05,2018,5
2018-W06,2018,6
2018-W07,2018,7
2018-W08,2018,8
2018-W09,2018,9
2018-W10,2018,10
2018-W11,2018,11
2018-W12,2018,12
2018-W13,2018,13
2018-W14,2018,14
2018-W15,2018,15
2018-W16,2018,16
2018-W17,2018,17
2018-W18,2018,18
2018-W19,2018,19
2018-W20,2018,20
2018-W21,2018,21
2018-W22,2018,22
2018-W23,2018,23
2018-W24,2018,24
2018-W25,2018,25
2018-W26,2018,26
2018-W27,2018,27
2018-W28,2018,28
2018-W29,2018,29
2018-W30,2018,30
2018-W31,2018,31
2018-W32,2018,32
2018-W33,2018,33
2018-W34,2018,34
2018-W35,2018,35
2018-W36,2018,36
2018-W37,2018,37
2018-W38,2018,38
2018-W39,2018,39
2018-W40,2018,40
2018-W41,2018,41
2018-W42,2018,42
2018-W43,2018,43
2018-W44,2018,44
2018-W45,2018,45
2018-W46,2018,46
2018-W47,2018,47
2018-W48,2018,48
2018-W49,2018,49
2018-W50,2018,50
2018-W51,2018,51
2018-W52,2018,52
2019-W01,2019,1
2019-W02,2019,2
2019-W03,2019,3
2019-W04,2019,4
2019-W05,2019,5
2019-W06,2019,6
2019-W07,2019,7
2019-W08,2019,8
2019-W09,2019,9
2019-W10,2019,10
2019-W11,2019,11
2019-W12,2019,12
2019-W13,2019,13
2019-W14,2019,14
2019-W15,2019,15
2019-W16,2019,16
2019-W17,2019,17
2019-W18,2019,18
2019-W19,2019,19
2019-W20,2019,20
2019-W21,2019,21
2019-W22,2019,22
2019-W23,2019,23
2019-W24,2019,24
2019-W25,2019,25
2019-W26,2019,26
2019-W27,2019,27
2019-W28,2019,28
2019-W29,2019,29
2019-W30,2019,30
2019-W31,2019,31
2019-W32,2019,32
2019-W33,2019,33
2019-W34,2019,34
2019-W35,2019,35
2019-W36,2019,36
2019-W37,2019,37
2019-W38,2019,38
2019-W39,2019,39
2019-W40,2019,40
2019-W41,2019,41
2019-W42,2019,42
2019-W43,2019,43
2019-W44,2019,44
2019-W45,2019,45
2019-W46,2019,46
2019-W47,2019,47
2019-W48,2019,48
2019-W49,2019,49
2019-W50,2019,50
2019-W51,2019,51
2019-W52,2019,52
2020-W01,2020,1
2020-W02,2020,2
2020-W03,2020,3
2020-W04,2020,4
2020-W05,2020,5
2020-W06,2020,6
2020-W07,2020,7
2020-W08,2020,8
2020-W09,2020,9
2020-W10,2020,10
2020-W11,2020,11
2020-W12,2020,12
2020-W13,2020,13
2020-W14,2020,14
2020-W15,2020,15
2020-W16,2020,16
2020-W17,2020,17
2020-W18,2020,18
2020-W19,2020,19
2020-W20,2020,20
2020-W21,2020,21
2020-W22,2020,22
2020-W23,2020,23
2020-W24,2020,24
2020-W25,2020,25
2020-W26,2020,26
2020-W27,2020,27
2020-W28,2020,28
2020-W29,2020,29
2020-W30,2020,30
2020-W31,2020,31
2020-W32,2020,32
2020-W33,2020,33
2020-W34,2020,34
2020-W35,2020,35
2020-W36,2020,36
2020-W37,2020,37
2020-W38,2020,38
2020-W39,2020,39
2020-W40,2020,40
2020-W41,2020,41
2020-W42,2020,42
2020-W43,2020,43
2020-W44,2020,44
2020-W45,2020,45
2020-W46,2020,46
2020-W47,2020,47
2020-W48,2020,48
2020-W49,2020,49
2020-W50,2020,50
2020-W51,2020,51
2020-W52,2020,52
2020-W53,2020,53
2021-W01,2021,1
2021-W02,2021,2
2021-W03,2021,3
2021-W04,2021,4
2021-W05,2021,5
2021-W06,2021,6
2021-W07,2021,7
2021-W08,2021,8
2021-W09,2021,9
2021-W10,2021,10
2021-W11,2021,11
2021-W12,2021,12
2021-W13,2021,13
2021-W14,2021,14
2021-W15,2021,15
2021-W16,2021,16
2021-W17,2021,17
2021-W18,2021,18
2021-W19,2021,19
2021-W20,2021,20
2021-W21,2021,21
2021-W22,2021,22
2021-W23,2021,23
2021-W24,2021,24
2021-W25,2021,25
2021-W26,2021,26
2021-W27,2021,27
2021-W28,2021,28
2021-W29,2021,29
2021-W30,2021,30
2021-W31,2021,31
2021-W32,2021,32
2021-W33,2021,33
2021-W34,2021,34
2021-W35,2021,35
2021-W36,2021,36
2021-W37,2021,37
2021-W38,2021,38
2021-W39,2021,39
2021-W40,2021,40
2021-W41,2021,41
2021-W42,2021,42
2021-W43,2021,43
2021-W44,2021,44
2021-W45,2021,45
2021-W46,2021,46
2021-W47,2021,47
2021-W48,2021,48
2021-W49,2021,49
2021-W50,2021,50
2021-W51,2021,51
2021-W52,2021,52
2022-W01,2022,1
2022-W02,2022,2
2022-W03,2022,3
2022-W04,2022,4
2022-W05,2022,5
2022-W06,2022,6
2022-W07,2022,7
2022-W08,2022,8
2022-W09,2022,9
2022-W10,2022,10
2022-W11,2022,11
2022-W12,2022,12
2022-W13,2022,13
2022-W14,2022,14
2022-W15,2022,15
2022-W16,2022,16
2022-W17,2022,17
2022-W18,2022,18
2022-W19,2022,19
2022-W20,2022,20
2022-W21,2022,21
2022-W22,2022,22
2022-W23,2022,23
2022-W24,2022,24
2022-W25,2022,25
2022-W26,2022,26
2022-W27,2022,27
2022-W28,2022,28
2022-W29,2022,29
2022-W30,2022,30
2022-W31,2022,31
2022-W32,2022,32
2022-W33,2022,33
2022-W34,2022,34
2022-W35,2022,35
2022-W36,2022,36
2022-W37,2022,37
2022-W38,2022,38
2022-W39,2022,39
2022-W40,2022,40
2022-W41,2022,41
2022-W42,2022,42
2022-W43,2022,43
2022-W44,2022,44
2022-W45,2022,45
2022-W46,2022,46
2022-W47,2022,47
2022-W48,2022,48
2022-W49,2022,49
2022-W50,2022,50
2022-W51,2022,51
2022-W52,2022,52
2023-W01,2023,1
2023-W02,2023,2
2023-W03,2023,3
2023-W04,2023,4
2023-W05,2023,5
2023-W06,2023,6
2023-W07,2023,7
2023-W08,2023,8
2023-W09,2023,9
2023-W10,2023,10
2023-W11,2023,11
2023-W12,2023,12
2023-W13,2023,13
2023-W14,2023,14
2023-W15,2023,15
2023-W16,2023,16
2023-W17,2023,17
2023-W18,2023,18
2023-W19,2023,19
2023-W20,2023,20
2023-W21,2023,21
2023-W22,2023,22
2023-W23,2023,23
2023-W24,2023,24
2023-W25,2023,25
2023-W26,2023,26
2023-W27,2023,27
2023-W28,2023,28
2023-W29,2023,29
2023-W30,2023,30
2023-W31,2023,31
2023-W32,2023,32
2023-W33,2023,33
2023-W34,2023,34
2023-W35,2023,35
2023-W36,2023,36
2023-W37,2023,37
2023-W38,2023,38
2023-W39,2023,39
2023-W40,2023,40
2023-W41,2023,41
2023-W42,2023,42
2023-W43,2023,43
2023-W44,2023,44
2023-W45,2023,45
2023-W46,2023,46
2023-W47,2023,47
2023-W48,2023,48
2023-W49,2023,49
2023-W50,2023,50
2023-W51,2023,51
2023-W52,2023,52
2024-W01,2024,1
2024-W02,2024,2
2024-W03,2024,3
2024-W04,2024,4
2024-W05,2024,5
2024-W06,2024,6
2024-W07,2024,7
2024-W08,2024,8
2024-W09,2024,9
2024-W10,2024,10
2024-W11,2024,11
2024-W12,2024,12
2024-W13,2024,13
2024-W14,2024,14
2024-W15,2024,15
2024-W16,2024,16
2024-W17,2024,17
2024-W18,2024,18
2024-W19,2024,19
2024-W20,2024,20
2024-W21,2024,21
2024-W22,2024,22
2024-W23,2024,23
2024-W24,2024,24
2024-W25,2024,25
2024-W26,2024,26
2024-W27,2024,27
2024-W28,2024,28
2024-W29,2024,29
2024-W30,2024,30
2024-W31,2024,31
2024-W32,2024,32
2024-W33,2024,33
2024-W34,2024,34
2024-W35,2024,35
2024-W36,2024,36
2024-W37,2024,37
2024-W38,2024,38
2024-W39,2024,39
2024-W40,2024,40
2024-W41,2024,41
2024-W42,2024,42
2024-W43,2024,43
2024-W44,2024,44
2024-W45,2024,45
2024-W46,2024,46
2024-W47,2024,47
2024-W48,2024,48
2024-W49,2024,49
2024-W50,2024,50
2024-W51,2024,51
2024-W52,2024,52
