aniomes,casos,t2m,rh2m,prec,ano,mes,sin,cos,lag1,lag2,lag3,lag12,prec_l1,t2m_l1,rh_l1,prec_l2,t2m_l2,rh_l2
200101,4302,22.37801162369237,72.32233719691395,2.6490291361155087,2001,1,0.49999999999999994,0.8660254037844387,424.0,480.0,392.0,154.0,1.7372229134860249,22.179051589549346,70.19255237957758,0.5553810415192392,21.087301021937208,62.70030316058364
200102,3754,23.24807978422109,72.48790131786437,1.969863914303512,2001,2,0.8660254037844386,0.5000000000000001,4302.0,424.0,480.0,107.0,2.6490291361155087,22.37801162369237,72.32233719691395,1.7372229134860249,22.179051589549346,70.19255237957758
200103,4634,22.966723195134616,75.62007194199451,3.7279760057365303,2001,3,1.0,6.123233995736766e-17,3754.0,4302.0,424.0,91.0,1.969863914303512,23.24807978422109,72.48790131786437,2.6490291361155087,22.37801162369237,72.32233719691395
200104,6523,23.115934657526292,70.6024489149076,1.986612151842327,2001,4,0.8660254037844387,-0.4999999999999998,4634.0,3754.0,4302.0,122.0,3.7279760057365303,22.966723195134616,75.62007194199451,1.969863914303512,23.24807978422109,72.48790131786437
200105,2424,21.818804303653273,68.6396514618268,1.4459678904912607,2001,5,0.49999999999999994,-0.8660254037844387,6523.0,4634.0,3754.0,439.0,1.986612151842327,23.115934657526292,70.6024489149076,3.7279760057365303,22.966723195134616,75.62007194199451
200106,586,20.686952060114326,67.80080018012958,0.7869128803628952,2001,6,1.2246467991473532e-16,-1.0,2424.0,6523.0,4634.0,1736.0,1.4459678904912607,21.818804303653273,68.6396514618268,1.986612151842327,23.115934657526292,70.6024489149076
200107,222,20.55952019318426,67.4755849425484,0.8195474636720387,2001,7,-0.4999999999999997,-0.8660254037844388,586.0,2424.0,6523.0,788.0,0.7869128803628952,20.686952060114326,67.80080018012958,1.4459678904912607,21.818804303653273,68.6396514618268
200108,106,20.944499332359463,63.47073340038506,0.7841873692766104,2001,8,-0.8660254037844384,-0.5000000000000004,222.0,586.0,2424.0,493.0,0.8195474636720387,20.55952019318426,67.4755849425484,0.7869128803628952,20.686952060114326,67.80080018012958
200109,104,20.635077331760076,65.08573952761489,0.8875063508227433,2001,9,-1.0,-1.8369701987210297e-16,106.0,222.0,586.0,331.0,0.7841873692766104,20.944499332359463,63.47073340038506,0.8195474636720387,20.55952019318426,67.4755849425484
200110,137,21.06405197397222,66.00379050365672,2.124441606165829,2001,10,-0.8660254037844386,0.5000000000000001,104.0,106.0,222.0,392.0,0.8875063508227433,20.635077331760076,65.08573952761489,0.7841873692766104,20.944499332359463,63.47073340038506
200111,321,21.358860194031564,67.82251464337325,0.9000504143137111,2001,11,-0.5000000000000004,0.8660254037844384,137.0,104.0,106.0,480.0,2.124441606165829,21.06405197397222,66.00379050365672,0.8875063508227433,20.635077331760076,65.08573952761489
200112,413,22.211438133807402,66.86504722125026,1.9144017987852235,2001,12,-2.4492935982947064e-16,1.0,321.0,137.0,104.0,424.0,0.9000504143137111,21.358860194031564,67.82251464337325,2.124441606165829,21.06405197397222,66.00379050365672
200201,1356,22.8553183570551,67.81758943323517,1.042030066575765,2002,1,0.49999999999999994,0.8660254037844387,413.0,321.0,137.0,4302.0,1.9144017987852235,22.211438133807402,66.86504722125026,0.9000504143137111,21.358860194031564,67.82251464337325
200202,1608,23.622501902500947,72.10898881094083,1.7091085155157775,2002,2,0.8660254037844386,0.5000000000000001,1356.0,413.0,321.0,3754.0,1.042030066575765,22.8553183570551,67.81758943323517,1.9144017987852235,22.211438133807402,66.86504722125026
200203,1299,23.945998377578576,73.47141648060077,1.971415021362928,2002,3,1.0,6.123233995736766e-17,1608.0,1356.0,413.0,4634.0,1.7091085155157775,23.622501902500947,72.10898881094083,1.042030066575765,22.8553183570551,67.81758943323517
200204,1005,22.784565813980127,73.56039958011607,2.426579844630397,2002,4,0.8660254037844387,-0.4999999999999998,1299.0,1608.0,1356.0,6523.0,1.971415021362928,23.945998377578576,73.47141648060077,1.7091085155157775,23.622501902500947,72.10898881094083
200205,437,22.95483930339438,68.04520710978332,1.5870225428709956,2002,5,0.49999999999999994,-0.8660254037844387,1005.0,1299.0,1608.0,2424.0,2.426579844630397,22.784565813980127,73.56039958011607,1.971415021362928,23.945998377578576,73.47141648060077
200206,369,21.076843543029472,67.29576413067868,0.5273195213072261,2002,6,1.2246467991473532e-16,-1.0,437.0,1005.0,1299.0,586.0,1.5870225428709956,22.95483930339438,68.04520710978332,2.426579844630397,22.784565813980127,73.56039958011607
200207,320,20.825053701521533,65.95852979434162,1.0232540533076844,2002,7,-0.4999999999999997,-0.8660254037844388,369.0,437.0,1005.0,222.0,0.5273195213072261,21.076843543029472,67.29576413067868,1.5870225428709956,22.95483930339438,68.04520710978332
200208,178,21.252346015103896,64.25967775948936,1.2438916931709239,2002,8,-0.8660254037844384,-0.5000000000000004,320.0,369.0,437.0,106.0,1.0232540533076844,20.825053701521533,65.95852979434162,0.5273195213072261,21.076843543029472,67.29576413067868
200209,176,21.587624972737355,64.04959773676919,1.6021226261887689,2002,9,-1.0,-1.8369701987210297e-16,178.0,320.0,369.0,104.0,1.2438916931709239,21.252346015103896,64.25967775948936,1.0232540533076844,20.825053701521533,65.95852979434162
200210,390,21.94543125185347,66.0071962549367,2.3705182334121533,2002,10,-0.8660254037844386,0.5000000000000001,176.0,178.0,320.0,137.0,1.6021226261887689,21.587624972737355,64.04959773676919,1.2438916931709239,21.252346015103896,64.25967775948936
200211,476,22.2456345566349,68.07322839896504,2.651540688415064,2002,11,-0.5000000000000004,0.8660254037844384,390.0,176.0,178.0,321.0,2.3705182334121533,21.94543125185347,66.0071962549367,1.6021226261887689,21.587624972737355,64.04959773676919
200212,472,23.086103772208265,69.17577833078883,2.00433900448598,2002,12,-2.4492935982947064e-16,1.0,476.0,390.0,176.0,413.0,2.651540688415064,22.2456345566349,68.07322839896504,2.3705182334121533,21.94543125185347,66.0071962549367
200301,281,23.619952598306345,70.61780197985625,1.873808940263824,2003,1,0.49999999999999994,0.8660254037844387,472.0,476.0,390.0,1356.0,2.00433900448598,23.086103772208265,69.17577833078883,2.651540688415064,22.2456345566349,68.07322839896504
200302,311,24.004555866057657,71.7428616124735,2.3037653043452337,2003,2,0.8660254037844386,0.5000000000000001,281.0,472.0,476.0,1608.0,1.873808940263824,23.619952598306345,70.61780197985625,2.00433900448598,23.086103772208265,69.17577833078883
200303,340,23.860174371076337,69.38045509391685,2.3337888875115915,2003,3,1.0,6.123233995736766e-17,311.0,281.0,472.0,1299.0,2.3037653043452337,24.004555866057657,71.7428616124735,1.873808940263824,23.619952598306345,70.61780197985625
200304,968,23.206715930326887,66.88337178085072,1.780498086515544,2003,4,0.8660254037844387,-0.4999999999999998,340.0,311.0,281.0,1005.0,2.3337888875115915,23.860174371076337,69.38045509391685,2.3037653043452337,24.004555866057657,71.7428616124735
200305,484,22.40815889687896,66.55470539870927,3.824398519422769,2003,5,0.49999999999999994,-0.8660254037844387,968.0,340.0,311.0,437.0,1.780498086515544,23.206715930326887,66.88337178085072,2.3337888875115915,23.860174371076337,69.38045509391685
200306,295,21.066241191616754,67.8109020757266,2.206198512832663,2003,6,1.2246467991473532e-16,-1.0,484.0,968.0,340.0,369.0,3.824398519422769,22.40815889687896,66.55470539870927,1.780498086515544,23.206715930326887,66.88337178085072
200307,133,20.562347929372887,66.76771128744005,1.2747626698717596,2003,7,-0.4999999999999997,-0.8660254037844388,295.0,484.0,968.0,320.0,2.206198512832663,21.066241191616754,67.8109020757266,3.824398519422769,22.40815889687896,66.55470539870927
200308,77,21.033750413842988,64.1801632149677,0.9395941122106827,2003,8,-0.8660254037844384,-0.5000000000000004,133.0,295.0,484.0,178.0,1.2747626698717596,20.562347929372887,66.76771128744005,2.206198512832663,21.066241191616754,67.8109020757266
200309,83,21.182937241789432,63.254422824362685,2.1564251026565975,2003,9,-1.0,-1.8369701987210297e-16,77.0,133.0,295.0,176.0,0.9395941122106827,21.033750413842988,64.1801632149677,1.2747626698717596,20.562347929372887,66.76771128744005
200310,101,21.785179509790233,64.99692408354372,1.0729728440545472,2003,10,-0.8660254037844386,0.5000000000000001,83.0,77.0,133.0,390.0,2.1564251026565975,21.182937241789432,63.254422824362685,0.9395941122106827,21.033750413842988,64.1801632149677
200311,124,21.996690056314026,66.62372794471842,3.6654222296840353,2003,11,-0.5000000000000004,0.8660254037844384,101.0,83.0,77.0,476.0,1.0729728440545472,21.785179509790233,64.99692408354372,2.1564251026565975,21.182937241789432,63.254422824362685
200312,152,22.65266955794508,70.66287829171891,2.770195490798171,2003,12,-2.4492935982947064e-16,1.0,124.0,101.0,83.0,472.0,3.6654222296840353,21.996690056314026,66.62372794471842,1.0729728440545472,21.785179509790233,64.99692408354372
200401,1340,22.900675768335795,71.48205871784774,1.6309877471093752,2004,1,0.49999999999999994,0.8660254037844387,152.0,124.0,101.0,281.0,2.770195490798171,22.65266955794508,70.66287829171891,3.6654222296840353,21.996690056314026,66.62372794471842
200402,778,23.641003594746117,72.00100770571723,1.6722633406504437,2004,2,0.8660254037844386,0.5000000000000001,1340.0,152.0,124.0,311.0,1.6309877471093752,22.900675768335795,71.48205871784774,2.770195490798171,22.65266955794508,70.66287829171891
200403,669,24.039886854149962,68.97234623477411,3.2864765525584514,2004,3,1.0,6.123233995736766e-17,778.0,1340.0,152.0,340.0,1.6722633406504437,23.641003594746117,72.00100770571723,1.6309877471093752,22.900675768335795,71.48205871784774
200404,1792,23.099119906985354,68.66441905858761,1.6692167344767694,2004,4,0.8660254037844387,-0.4999999999999998,669.0,778.0,1340.0,968.0,3.2864765525584514,24.039886854149962,68.97234623477411,1.6722633406504437,23.641003594746117,72.00100770571723
200405,749,22.004048977042896,65.40504966900406,2.832393401106824,2004,5,0.49999999999999994,-0.8660254037844387,1792.0,669.0,778.0,484.0,1.6692167344767694,23.099119906985354,68.66441905858761,3.2864765525584514,24.039886854149962,68.97234623477411
200406,314,20.84024416344091,65.82415616041574,2.8472492896022246,2004,6,1.2246467991473532e-16,-1.0,749.0,1792.0,669.0,295.0,2.832393401106824,22.004048977042896,65.40504966900406,1.6692167344767694,23.099119906985354,68.66441905858761
200407,322,20.42864995394771,66.22129120581685,2.223229057975676,2004,7,-0.4999999999999997,-0.8660254037844388,314.0,749.0,1792.0,133.0,2.8472492896022246,20.84024416344091,65.82415616041574,2.832393401106824,22.004048977042896,65.40504966900406
200408,284,20.80520808260855,63.75731773256407,1.37198514401736,2004,8,-0.8660254037844384,-0.5000000000000004,322.0,314.0,749.0,77.0,2.223229057975676,20.42864995394771,66.22129120581685,2.8472492896022246,20.84024416344091,65.82415616041574
200409,466,21.284544411825163,66.32689452220944,1.5317382503895223,2004,9,-1.0,-1.8369701987210297e-16,284.0,322.0,314.0,83.0,1.37198514401736,20.80520808260855,63.75731773256407,2.223229057975676,20.42864995394771,66.22129120581685
200410,507,21.510651839973388,66.16419121350533,2.388564423781497,2004,10,-0.8660254037844386,0.5000000000000001,466.0,284.0,322.0,101.0,1.5317382503895223,21.284544411825163,66.32689452220944,1.37198514401736,20.80520808260855,63.75731773256407
200411,826,21.970600688195393,68.1035215017911,2.9923208157924055,2004,11,-0.5000000000000004,0.8660254037844384,507.0,466.0,284.0,124.0,2.388564423781497,21.510651839973388,66.16419121350533,1.5317382503895223,21.284544411825163,66.32689452220944
200412,1500,22.37237843215093,70.3946019811115,2.755202418255222,2004,12,-2.4492935982947064e-16,1.0,826.0,507.0,466.0,152.0,2.9923208157924055,21.970600688195393,68.1035215017911,2.388564423781497,21.510651839973388,66.16419121350533
200501,885,23.354538402275786,70.16948484197083,2.0179509633323343,2005,1,0.49999999999999994,0.8660254037844387,1500.0,826.0,507.0,1340.0,2.755202418255222,22.37237843215093,70.3946019811115,2.9923208157924055,21.970600688195393,68.1035215017911
200502,313,23.77316210563313,70.35174714703311,2.241247083485664,2005,2,0.8660254037844386,0.5000000000000001,885.0,1500.0,826.0,778.0,2.0179509633323343,23.354538402275786,70.16948484197083,2.755202418255222,22.37237843215093,70.3946019811115
200503,614,23.521898766551754,70.34636205730568,3.9299419756825076,2005,3,1.0,6.123233995736766e-17,313.0,885.0,1500.0,669.0,2.241247083485664,23.77316210563313,70.35174714703311,2.0179509633323343,23.354538402275786,70.16948484197083
200504,1494,23.838010086000892,66.38906666834035,1.540243018017665,2005,4,0.8660254037844387,-0.4999999999999998,614.0,313.0,885.0,1792.0,3.9299419756825076,23.521898766551754,70.34636205730568,2.241247083485664,23.77316210563313,70.35174714703311
200505,456,22.027065111819983,67.09087389517651,1.3890156263974556,2005,5,0.49999999999999994,-0.8660254037844387,1494.0,614.0,313.0,749.0,1.540243018017665,23.838010086000892,66.38906666834035,3.9299419756825076,23.521898766551754,70.34636205730568
200506,356,21.380200150944816,65.82166125598013,1.6892955803922372,2005,6,1.2246467991473532e-16,-1.0,456.0,1494.0,614.0,314.0,1.3890156263974556,22.027065111819983,67.09087389517651,1.540243018017665,23.838010086000892,66.38906666834035
200507,355,20.630337413446014,64.63796066020313,0.6433682033644063,2005,7,-0.4999999999999997,-0.8660254037844388,356.0,456.0,1494.0,322.0,1.6892955803922372,21.380200150944816,65.82166125598013,1.3890156263974556,22.027065111819983,67.09087389517651
200508,152,20.8828523392524,63.82715760867007,1.4870105237722395,2005,8,-0.8660254037844384,-0.5000000000000004,355.0,356.0,456.0,284.0,0.6433682033644063,20.630337413446014,64.63796066020313,1.6892955803922372,21.380200150944816,65.82166125598013
200509,125,21.142435405189552,63.39901606573788,1.1071375872992957,2005,9,-1.0,-1.8369701987210297e-16,152.0,355.0,356.0,466.0,1.4870105237722395,20.8828523392524,63.82715760867007,0.6433682033644063,20.630337413446014,64.63796066020313
200510,297,20.818310092747904,65.41664853864391,3.50947544322388,2005,10,-0.8660254037844386,0.5000000000000001,125.0,152.0,355.0,507.0,1.1071375872992957,21.142435405189552,63.39901606573788,1.4870105237722395,20.8828523392524,63.82715760867007
200511,312,21.136083641002386,64.84746064372787,1.9275566553013483,2005,11,-0.5000000000000004,0.8660254037844384,297.0,125.0,152.0,826.0,3.50947544322388,20.818310092747904,65.41664853864391,1.1071375872992957,21.142435405189552,63.39901606573788
200512,281,21.750038960081213,69.33773223456386,2.838652511536609,2005,12,-2.4492935982947064e-16,1.0,312.0,297.0,125.0,1500.0,1.9275566553013483,21.136083641002386,64.84746064372787,3.50947544322388,20.818310092747904,65.41664853864391
200601,651,22.952599232095707,71.51448850575613,3.3056465600429297,2006,1,0.49999999999999994,0.8660254037844387,281.0,312.0,297.0,885.0,2.838652511536609,21.750038960081213,69.33773223456386,1.9275566553013483,21.136083641002386,64.84746064372787
200602,635,23.741899504016043,73.43481399424778,1.624990044232166,2006,2,0.8660254037844386,0.5000000000000001,651.0,281.0,312.0,313.0,3.3056465600429297,22.952599232095707,71.51448850575613,2.838652511536609,21.750038960081213,69.33773223456386
200603,399,23.59021282905421,71.14896154045304,3.052699338949568,2006,3,1.0,6.123233995736766e-17,635.0,651.0,281.0,614.0,1.624990044232166,23.741899504016043,73.43481399424778,3.3056465600429297,22.952599232095707,71.51448850575613
200604,442,22.947216684266436,67.1387851923448,2.1925311970928214,2006,4,0.8660254037844387,-0.4999999999999998,399.0,635.0,651.0,1494.0,3.052699338949568,23.59021282905421,71.14896154045304,1.624990044232166,23.741899504016043,73.43481399424778
200605,602,21.69424260064426,64.97566684815611,3.7825270076680595,2006,5,0.49999999999999994,-0.8660254037844387,442.0,399.0,635.0,456.0,2.1925311970928214,22.947216684266436,67.1387851923448,3.052699338949568,23.59021282905421,71.14896154045304
200606,218,21.09227484195513,67.80764058501316,2.5040748353650217,2006,6,1.2246467991473532e-16,-1.0,602.0,442.0,399.0,356.0,3.7825270076680595,21.69424260064426,64.97566684815611,2.1925311970928214,22.947216684266436,67.1387851923448
200607,169,21.053109745668966,66.53423508478487,0.5655063790660564,2006,7,-0.4999999999999997,-0.8660254037844388,218.0,602.0,442.0,355.0,2.5040748353650217,21.09227484195513,67.80764058501316,3.7825270076680595,21.69424260064426,64.97566684815611
200608,180,21.623808579377044,64.62188268355408,1.9046359672314805,2006,8,-0.8660254037844384,-0.5000000000000004,169.0,218.0,602.0,152.0,0.5655063790660564,21.053109745668966,66.53423508478487,2.5040748353650217,21.09227484195513,67.80764058501316
200609,219,21.835352154886326,62.9293704251717,1.878949160467521,2006,9,-1.0,-1.8369701987210297e-16,180.0,169.0,218.0,125.0,1.9046359672314805,21.623808579377044,64.62188268355408,0.5655063790660564,21.053109745668966,66.53423508478487
200610,248,21.83778456314656,63.72973727442614,2.285105449547244,2006,10,-0.8660254037844386,0.5000000000000001,219.0,180.0,169.0,297.0,1.878949160467521,21.835352154886326,62.9293704251717,1.9046359672314805,21.623808579377044,64.62188268355408
200611,157,21.830246611194703,67.9313280476496,2.5314013233561212,2006,11,-0.5000000000000004,0.8660254037844384,248.0,219.0,180.0,312.0,2.285105449547244,21.83778456314656,63.72973727442614,1.878949160467521,21.835352154886326,62.9293704251717
200612,102,22.575589147663884,68.46985189520476,2.6410205093524595,2006,12,-2.4492935982947064e-16,1.0,157.0,248.0,219.0,281.0,2.5314013233561212,21.830246611194703,67.9313280476496,2.285105449547244,21.83778456314656,63.72973727442614
200701,736,23.68047346776104,72.0688614963621,2.7958298905257806,2007,1,0.49999999999999994,0.8660254037844387,102.0,157.0,248.0,651.0,2.6410205093524595,22.575589147663884,68.46985189520476,2.5314013233561212,21.830246611194703,67.9313280476496
200702,1992,23.795468250593505,69.6258652731207,0.6733709492420593,2007,2,0.8660254037844386,0.5000000000000001,736.0,102.0,157.0,635.0,2.7958298905257806,23.68047346776104,72.0688614963621,2.6410205093524595,22.575589147663884,68.46985189520476
200703,866,23.589768326379726,71.04971348728031,3.7028207067418357,2007,3,1.0,6.123233995736766e-17,1992.0,736.0,102.0,399.0,0.6733709492420593,23.795468250593505,69.6258652731207,2.7958298905257806,23.68047346776104,72.0688614963621
200704,873,23.088063152047873,67.64464400088495,3.1596311580229055,2007,4,0.8660254037844387,-0.4999999999999998,866.0,1992.0,736.0,442.0,3.7028207067418357,23.589768326379726,71.04971348728031,0.6733709492420593,23.795468250593505,69.6258652731207
200705,391,21.727230099840106,64.95675619273864,2.2149952064821536,2007,5,0.49999999999999994,-0.8660254037844387,873.0,866.0,1992.0,602.0,3.1596311580229055,23.088063152047873,67.64464400088495,3.7028207067418357,23.589768326379726,71.04971348728031
200706,134,20.79178365936054,65.62001531415193,0.8427328072754775,2007,6,1.2246467991473532e-16,-1.0,391.0,873.0,866.0,218.0,2.2149952064821536,21.727230099840106,64.95675619273864,3.1596311580229055,23.088063152047873,67.64464400088495
200707,153,20.403275267173896,65.00115323723284,1.056669203334594,2007,7,-0.4999999999999997,-0.8660254037844388,134.0,391.0,873.0,169.0,0.8427328072754775,20.79178365936054,65.62001531415193,2.2149952064821536,21.727230099840106,64.95675619273864
200708,112,20.01667325154279,64.9353846974592,0.7215617139925218,2007,8,-0.8660254037844384,-0.5000000000000004,153.0,134.0,391.0,180.0,1.056669203334594,20.403275267173896,65.00115323723284,0.8427328072754775,20.79178365936054,65.62001531415193
200709,119,20.60023580028212,64.15870236098405,1.8979243989273817,2007,9,-1.0,-1.8369701987210297e-16,112.0,153.0,134.0,219.0,0.7215617139925218,20.01667325154279,64.9353846974592,1.056669203334594,20.403275267173896,65.00115323723284
200710,245,20.437871615313526,65.21436605530354,2.498935729203115,2007,10,-0.8660254037844386,0.5000000000000001,119.0,112.0,153.0,248.0,1.8979243989273817,20.60023580028212,64.15870236098405,0.7215617139925218,20.01667325154279,64.9353846974592
200711,303,21.267676909051826,66.72342205394787,3.649124269008141,2007,11,-0.5000000000000004,0.8660254037844384,245.0,119.0,112.0,157.0,2.498935729203115,20.437871615313526,65.21436605530354,1.8979243989273817,20.60023580028212,64.15870236098405
200712,420,21.31333911275201,69.65693412561056,2.6247168372510465,2007,12,-2.4492935982947064e-16,1.0,303.0,245.0,119.0,102.0,3.649124269008141,21.267676909051826,66.72342205394787,2.498935729203115,20.437871615313526,65.21436605530354
200801,1057,22.55767728562933,73.90081406642511,3.6507906087846114,2008,1,0.49999999999999994,0.8660254037844387,420.0,303.0,245.0,736.0,2.6247168372510465,21.31333911275201,69.65693412561056,3.649124269008141,21.267676909051826,66.72342205394787
200802,1537,22.707125834942943,74.46111636401865,3.8172736102328657,2008,2,0.8660254037844386,0.5000000000000001,1057.0,420.0,303.0,1992.0,3.6507906087846114,22.55767728562933,73.90081406642511,2.6247168372510465,21.31333911275201,69.65693412561056
200803,1162,23.020269645185536,73.74740196039973,3.8468393692954397,2008,3,1.0,6.123233995736766e-17,1537.0,1057.0,420.0,866.0,3.8172736102328657,22.707125834942943,74.46111636401865,3.6507906087846114,22.55767728562933,73.90081406642511
200804,945,22.501228850858052,69.65860655339006,2.111006654438358,2008,4,0.8660254037844387,-0.4999999999999998,1162.0,1537.0,1057.0,873.0,3.8468393692954397,23.020269645185536,73.74740196039973,3.8172736102328657,22.707125834942943,74.46111636401865
200805,801,21.450900930303348,67.1663506658361,1.3878550459032288,2008,5,0.49999999999999994,-0.8660254037844387,945.0,1162.0,1537.0,391.0,2.111006654438358,22.501228850858052,69.65860655339006,3.8468393692954397,23.020269645185536,73.74740196039973
200806,695,20.81350011532686,67.92769795032001,1.192236415358714,2008,6,1.2246467991473532e-16,-1.0,801.0,945.0,1162.0,134.0,1.3878550459032288,21.450900930303348,67.1663506658361,2.111006654438358,22.501228850858052,69.65860655339006
200807,341,20.709125398740664,67.43791754207861,0.8280912541443138,2008,7,-0.4999999999999997,-0.8660254037844388,695.0,801.0,945.0,153.0,1.192236415358714,20.81350011532686,67.92769795032001,1.3878550459032288,21.450900930303348,67.1663506658361
200808,248,20.971472402360515,66.25295098686843,0.5139387653592628,2008,8,-0.8660254037844384,-0.5000000000000004,341.0,695.0,801.0,112.0,0.8280912541443138,20.709125398740664,67.43791754207861,1.192236415358714,20.81350011532686,67.92769795032001
200809,749,21.43470538301855,63.69665577207018,0.9417534860878147,2008,9,-1.0,-1.8369701987210297e-16,248.0,341.0,695.0,119.0,0.5139387653592628,20.971472402360515,66.25295098686843,0.8280912541443138,20.709125398740664,67.43791754207861
200810,1651,21.288595365899965,65.14896668701232,1.2861011518564485,2008,10,-0.8660254037844386,0.5000000000000001,749.0,248.0,341.0,245.0,0.9417534860878147,21.43470538301855,63.69665577207018,0.5139387653592628,20.971472402360515,66.25295098686843
200811,1659,21.4497750263212,68.00539674793941,1.302818149152936,2008,11,-0.5000000000000004,0.8660254037844384,1651.0,749.0,248.0,303.0,1.2861011518564485,21.288595365899965,65.14896668701232,0.9417534860878147,21.43470538301855,63.69665577207018
200812,1979,21.845809100309264,69.30784713777558,0.33060953776680124,2008,12,-2.4492935982947064e-16,1.0,1659.0,1651.0,749.0,420.0,1.302818149152936,21.4497750263212,68.00539674793941,1.2861011518564485,21.288595365899965,65.14896668701232
200901,2599,22.683057652447204,72.54666029100026,2.000367445502174,2009,1,0.49999999999999994,0.8660254037844387,1979.0,1659.0,1651.0,1057.0,0.33060953776680124,21.845809100309264,69.30784713777558,1.302818149152936,21.4497750263212,68.00539674793941
200902,2515,23.34951711780129,72.99937698389661,1.9219707556184578,2009,2,0.8660254037844386,0.5000000000000001,2599.0,1979.0,1659.0,1537.0,2.000367445502174,22.683057652447204,72.54666029100026,0.33060953776680124,21.845809100309264,69.30784713777558
200903,2044,23.267594109072537,72.09481317832984,1.9836143595279603,2009,3,1.0,6.123233995736766e-17,2515.0,2599.0,1979.0,1162.0,1.9219707556184578,23.34951711780129,72.99937698389661,2.000367445502174,22.683057652447204,72.54666029100026
200904,1892,23.235874813084187,68.37926816868789,2.646483158355548,2009,4,0.8660254037844387,-0.4999999999999998,2044.0,2515.0,2599.0,945.0,1.9836143595279603,23.267594109072537,72.09481317832984,1.9219707556184578,23.34951711780129,72.99937698389661
200905,1258,22.332354723458742,66.81061601803806,0.8585440101424874,2009,5,0.49999999999999994,-0.8660254037844387,1892.0,2044.0,2515.0,801.0,2.646483158355548,23.235874813084187,68.37926816868789,1.9836143595279603,23.267594109072537,72.09481317832984
200906,494,21.552533582083697,65.41746174207894,0.565309805607553,2009,6,1.2246467991473532e-16,-1.0,1258.0,1892.0,2044.0,695.0,0.8585440101424874,22.332354723458742,66.81061601803806,2.646483158355548,23.235874813084187,68.37926816868789
200907,317,21.35712415603489,65.08001292916106,0.6580016130069871,2009,7,-0.4999999999999997,-0.8660254037844388,494.0,1258.0,1892.0,341.0,0.565309805607553,21.552533582083697,65.41746174207894,0.8585440101424874,22.332354723458742,66.81061601803806
200908,247,21.415048052858932,63.35606890740745,0.8009582642287456,2009,8,-0.8660254037844384,-0.5000000000000004,317.0,494.0,1258.0,248.0,0.6580016130069871,21.35712415603489,65.08001292916106,0.565309805607553,21.552533582083697,65.41746174207894
200909,259,21.74277156337721,62.78500462091982,0.6272950594600193,2009,9,-1.0,-1.8369701987210297e-16,247.0,317.0,494.0,749.0,0.8009582642287456,21.415048052858932,63.35606890740745,0.6580016130069871,21.35712415603489,65.08001292916106
200910,463,21.80164983312909,65.27511765693475,1.5896258231748934,2009,10,-0.8660254037844386,0.5000000000000001,259.0,247.0,317.0,1651.0,0.6272950594600193,21.74277156337721,62.78500462091982,0.8009582642287456,21.415048052858932,63.35606890740745
200911,776,22.119351219718855,66.01456769686766,1.0359542552473724,2009,11,-0.5000000000000004,0.8660254037844384,463.0,259.0,247.0,1659.0,1.5896258231748934,21.80164983312909,65.27511765693475,0.6272950594600193,21.74277156337721,62.78500462091982
200912,543,22.742184196611113,69.02747821734484,1.8745419326899087,2009,12,-2.4492935982947064e-16,1.0,776.0,463.0,259.0,1979.0,1.0359542552473724,22.119351219718855,66.01456769686766,1.5896258231748934,21.80164983312909,65.27511765693475
201001,832,23.653527982062357,70.07342487827917,1.4264739949695524,2010,1,0.49999999999999994,0.8660254037844387,543.0,776.0,463.0,2599.0,1.8745419326899087,22.742184196611113,69.02747821734484,1.0359542552473724,22.119351219718855,66.01456769686766
201002,935,24.377429497629915,71.71564566567136,1.6610827544761726,2010,2,0.8660254037844386,0.5000000000000001,832.0,543.0,776.0,2515.0,1.4264739949695524,23.653527982062357,70.07342487827917,1.8745419326899087,22.742184196611113,69.02747821734484
201003,2215,24.406593417111367,69.1851194927501,1.411921863305503,2010,3,1.0,6.123233995736766e-17,935.0,832.0,543.0,2044.0,1.6610827544761726,24.377429497629915,71.71564566567136,1.4264739949695524,23.653527982062357,70.07342487827917
201004,6055,23.66305923721088,68.59942736682886,0.9948018339324577,2010,4,0.8660254037844387,-0.4999999999999998,2215.0,935.0,832.0,1892.0,1.411921863305503,24.406593417111367,69.1851194927501,1.6610827544761726,24.377429497629915,71.71564566567136
201005,2252,22.636501924467968,66.70452584969223,0.8938867035189598,2010,5,0.49999999999999994,-0.8660254037844387,6055.0,2215.0,935.0,1258.0,0.9948018339324577,23.66305923721088,68.59942736682886,1.411921863305503,24.406593417111367,69.1851194927501
201006,889,21.198616061972103,66.74456118521493,0.5371815527232046,2010,6,1.2246467991473532e-16,-1.0,2252.0,6055.0,2215.0,494.0,0.8938867035189598,22.636501924467968,66.70452584969223,0.9948018339324577,23.66305923721088,68.59942736682886
201007,551,20.315372756814092,64.24786976380744,0.8022258554977961,2010,7,-0.4999999999999997,-0.8660254037844388,889.0,2252.0,6055.0,317.0,0.5371815527232046,21.198616061972103,66.74456118521493,0.8938867035189598,22.636501924467968,66.70452584969223
201008,220,20.507216888245914,62.32860805970009,0.32778067184565335,2010,8,-0.8660254037844384,-0.5000000000000004,551.0,889.0,2252.0,247.0,0.8022258554977961,20.315372756814092,64.24786976380744,0.5371815527232046,21.198616061972103,66.74456118521493
201009,143,20.855586448858425,62.840253546497124,0.33657115196628373,2010,9,-1.0,-1.8369701987210297e-16,220.0,551.0,889.0,259.0,0.32778067184565335,20.507216888245914,62.32860805970009,0.8022258554977961,20.315372756814092,64.24786976380744
201010,608,21.01367936622006,62.08412788572127,0.7705971734719975,2010,10,-0.8660254037844386,0.5000000000000001,143.0,220.0,551.0,463.0,0.33657115196628373,20.855586448858425,62.840253546497124,0.32778067184565335,20.507216888245914,62.32860805970009
201011,1308,20.885562504805282,64.17609876686558,0.9832877883759938,2010,11,-0.5000000000000004,0.8660254037844384,608.0,143.0,220.0,776.0,0.7705971734719975,21.01367936622006,62.08412788572127,0.33657115196628373,20.855586448858425,62.840253546497124
201012,834,21.652836601450765,67.91947851860685,0.6176108824623147,2010,12,-2.4492935982947064e-16,1.0,1308.0,608.0,143.0,543.0,0.9832877883759938,20.885562504805282,64.17609876686558,0.7705971734719975,21.01367936622006,62.08412788572127
201101,12084,22.523092987969918,69.64727031517968,1.1776133772882968,2011,1,0.49999999999999994,0.8660254037844387,834.0,1308.0,608.0,832.0,0.6176108824623147,21.652836601450765,67.91947851860685,0.9832877883759938,20.885562504805282,64.17609876686558
201102,7833,23.253101398200897,68.94664871124193,1.0364860768312258,2011,2,0.8660254037844386,0.5000000000000001,12084.0,834.0,1308.0,935.0,1.1776133772882968,22.523092987969918,69.64727031517968,0.6176108824623147,21.652836601450765,67.91947851860685
201103,3089,23.191715545904014,65.76785488899594,1.0149450275293848,2011,3,1.0,6.123233995736766e-17,7833.0,12084.0,834.0,2215.0,1.0364860768312258,23.253101398200897,68.94664871124193,1.1776133772882968,22.523092987969918,69.64727031517968
201104,1007,22.769503435485213,69.42275650027695,1.5605181863399649,2011,4,0.8660254037844387,-0.4999999999999998,3089.0,7833.0,12084.0,6055.0,1.0149450275293848,23.191715545904014,65.76785488899594,1.0364860768312258,23.253101398200897,68.94664871124193
201105,475,22.175651000519363,66.74572159311114,0.8646069707634638,2011,5,0.49999999999999994,-0.8660254037844387,1007.0,3089.0,7833.0,2252.0,1.5605181863399649,22.769503435485213,69.42275650027695,1.0149450275293848,23.191715545904014,65.76785488899594
201106,358,21.535371234813336,66.85337094924206,0.4743923215846382,2011,6,1.2246467991473532e-16,-1.0,475.0,1007.0,3089.0,889.0,0.8646069707634638,22.175651000519363,66.74572159311114,1.5605181863399649,22.769503435485213,69.42275650027695
201107,323,20.709359206300142,65.7617751706759,0.7031302377616233,2011,7,-0.4999999999999997,-0.8660254037844388,358.0,475.0,1007.0,551.0,0.4743923215846382,21.535371234813336,66.85337094924206,0.8646069707634638,22.175651000519363,66.74572159311114
201108,208,21.146357177488824,61.62612876754027,0.24358632019443952,2011,8,-0.8660254037844384,-0.5000000000000004,323.0,358.0,475.0,220.0,0.7031302377616233,20.709359206300142,65.7617751706759,0.4743923215846382,21.535371234813336,66.85337094924206
201109,243,21.456227760352352,60.0451496032599,0.8872933491705096,2011,9,-1.0,-1.8369701987210297e-16,208.0,323.0,358.0,143.0,0.24358632019443952,21.146357177488824,61.62612876754027,0.7031302377616233,20.709359206300142,65.7617751706759
201110,380,20.701412353938924,62.872185765684065,1.118098597405695,2011,10,-0.8660254037844386,0.5000000000000001,243.0,208.0,323.0,608.0,0.8872933491705096,21.456227760352352,60.0451496032599,0.24358632019443952,21.146357177488824,61.62612876754027
201111,600,21.443862602558532,65.97869283671128,0.8726425228182433,2011,11,-0.5000000000000004,0.8660254037844384,380.0,243.0,208.0,1308.0,1.118098597405695,20.701412353938924,62.872185765684065,0.8872933491705096,21.456227760352352,60.0451496032599
201112,1484,22.13073070157959,69.18274608163259,1.4401661648248365,2011,12,-2.4492935982947064e-16,1.0,600.0,380.0,243.0,834.0,0.8726425228182433,21.443862602558532,65.97869283671128,1.118098597405695,20.701412353938924,62.872185765684065
201201,3468,22.592787599302703,70.41611998073179,2.123580844129863,2012,1,0.49999999999999994,0.8660254037844387,1484.0,600.0,380.0,12084.0,1.4401661648248365,22.13073070157959,69.18274608163259,0.8726425228182433,21.443862602558532,65.97869283671128
201202,1919,22.855573598151004,72.99272458533325,3.042050401761127,2012,2,0.8660254037844386,0.5000000000000001,3468.0,1484.0,600.0,7833.0,2.123580844129863,22.592787599302703,70.41611998073179,1.4401661648248365,22.13073070157959,69.18274608163259
201203,2325,23.882669620707997,70.16892385132093,1.897832859211792,2012,3,1.0,6.123233995736766e-17,1919.0,3468.0,1484.0,3089.0,3.042050401761127,22.855573598151004,72.99272458533325,2.123580844129863,22.592787599302703,70.41611998073179
201204,2327,23.330641374256846,69.93388891591181,2.422552897371646,2012,4,0.8660254037844387,-0.4999999999999998,2325.0,1919.0,3468.0,1007.0,1.897832859211792,23.882669620707997,70.16892385132093,3.042050401761127,22.855573598151004,72.99272458533325
201205,1970,22.74613937447338,67.09345566349035,0.894260378240724,2012,5,0.49999999999999994,-0.8660254037844387,2327.0,2325.0,1919.0,475.0,2.422552897371646,23.330641374256846,69.93388891591181,1.897832859211792,23.882669620707997,70.16892385132093
201206,1581,21.906010098553473,67.55401580684085,0.7722959930584212,2012,6,1.2246467991473532e-16,-1.0,1970.0,2327.0,2325.0,358.0,0.894260378240724,22.74613937447338,67.09345566349035,2.422552897371646,23.330641374256846,69.93388891591181
201207,1883,21.214704410193328,65.26969139473326,0.4806047677850496,2012,7,-0.4999999999999997,-0.8660254037844388,1581.0,1970.0,2327.0,323.0,0.7722959930584212,21.906010098553473,67.55401580684085,0.894260378240724,22.74613937447338,67.09345566349035
201208,1085,21.104369789697152,63.75742759905165,0.3508918139895406,2012,8,-0.8660254037844384,-0.5000000000000004,1883.0,1581.0,1970.0,208.0,0.4806047677850496,21.214704410193328,65.26969139473326,0.7722959930584212,21.906010098553473,67.55401580684085
201209,529,21.614183493666438,63.594862949323655,0.7318873123192624,2012,9,-1.0,-1.8369701987210297e-16,1085.0,1883.0,1581.0,243.0,0.3508918139895406,21.104369789697152,63.75742759905165,0.4806047677850496,21.214704410193328,65.26969139473326
201210,1114,21.446590153439644,64.28291030080698,0.8846539488074262,2012,10,-0.8660254037844386,0.5000000000000001,529.0,1085.0,1883.0,380.0,0.7318873123192624,21.614183493666438,63.594862949323655,0.3508918139895406,21.104369789697152,63.75742759905165
201211,7006,22.09641826149856,66.00036289519063,0.7057530216422232,2012,11,-0.5000000000000004,0.8660254037844384,1114.0,529.0,1085.0,600.0,0.8846539488074262,21.446590153439644,64.28291030080698,0.7318873123192624,21.614183493666438,63.594862949323655
201212,3298,22.399373845750716,66.96712316751893,1.0141638488731703,2012,12,-2.4492935982947064e-16,1.0,7006.0,1114.0,529.0,1484.0,0.7057530216422232,22.09641826149856,66.00036289519063,0.8846539488074262,21.446590153439644,64.28291030080698
201301,1380,23.350496737112813,68.96765707596981,1.5064696800189545,2013,1,0.49999999999999994,0.8660254037844387,3298.0,7006.0,1114.0,3468.0,1.0141638488731703,22.399373845750716,66.96712316751893,0.7057530216422232,22.09641826149856,66.00036289519063
201302,1310,23.488670477421827,69.59880373878701,2.240988923914084,2013,2,0.8660254037844386,0.5000000000000001,1380.0,3298.0,7006.0,1919.0,1.5064696800189545,23.350496737112813,68.96765707596981,1.0141638488731703,22.399373845750716,66.96712316751893
201303,1697,23.84531415193961,69.13741219075533,2.16798962528969,2013,3,1.0,6.123233995736766e-17,1310.0,1380.0,3298.0,2325.0,2.240988923914084,23.488670477421827,69.59880373878701,1.5064696800189545,23.350496737112813,68.96765707596981
201304,2445,23.125863468686795,63.743915637224056,0.9853997919409276,2013,4,0.8660254037844387,-0.4999999999999998,1697.0,1310.0,1380.0,2327.0,2.16798962528969,23.84531415193961,69.13741219075533,2.240988923914084,23.488670477421827,69.59880373878701
201305,1157,21.832107892593818,67.77753081266995,1.46286649229036,2013,5,0.49999999999999994,-0.8660254037844387,2445.0,1697.0,1310.0,1970.0,0.9853997919409276,23.125863468686795,63.743915637224056,2.16798962528969,23.84531415193961,69.13741219075533
201306,688,20.97148586500638,66.15315808880639,1.229638312995533,2013,6,1.2246467991473532e-16,-1.0,1157.0,2445.0,1697.0,1581.0,1.46286649229036,21.832107892593818,67.77753081266995,0.9853997919409276,23.125863468686795,63.743915637224056
201307,652,20.38603059064613,63.97161154774925,0.5160644041680854,2013,7,-0.4999999999999997,-0.8660254037844388,688.0,1157.0,2445.0,1883.0,1.229638312995533,20.97148586500638,66.15315808880639,1.46286649229036,21.832107892593818,67.77753081266995
201308,477,20.60948018182417,63.10933772569154,1.1211897024880788,2013,8,-0.8660254037844384,-0.5000000000000004,652.0,688.0,1157.0,1085.0,0.5160644041680854,20.38603059064613,63.97161154774925,1.229638312995533,20.97148586500638,66.15315808880639
201309,410,21.358304600992597,62.52842286202044,0.6248277550175029,2013,9,-1.0,-1.8369701987210297e-16,477.0,652.0,688.0,529.0,1.1211897024880788,20.60948018182417,63.10933772569154,0.5160644041680854,20.38603059064613,63.97161154774925
201310,698,21.418092682000697,63.43618315160853,1.4286800330760578,2013,10,-0.8660254037844386,0.5000000000000001,410.0,477.0,652.0,1114.0,0.6248277550175029,21.358304600992597,62.52842286202044,1.1211897024880788,20.60948018182417,63.10933772569154
201311,1135,21.38463963886217,64.23715279161614,1.6680128789507298,2013,11,-0.5000000000000004,0.8660254037844384,698.0,410.0,477.0,7006.0,1.4286800330760578,21.418092682000697,63.43618315160853,0.6248277550175029,21.358304600992597,62.52842286202044
201312,1042,22.393964498155555,68.93008647160997,1.0593599280736963,2013,12,-2.4492935982947064e-16,1.0,1135.0,698.0,410.0,3298.0,1.6680128789507298,21.38463963886217,64.23715279161614,1.4286800330760578,21.418092682000697,63.43618315160853
201401,2342,23.38017738369639,70.51791241121009,1.1221450011689593,2014,1,0.49999999999999994,0.8660254037844387,1042.0,1135.0,698.0,1380.0,1.0593599280736963,22.393964498155555,68.93008647160997,1.6680128789507298,21.38463963886217,64.23715279161614
201402,2121,23.501641595496135,68.35455713700675,2.208653578506212,2014,2,0.8660254037844386,0.5000000000000001,2342.0,1042.0,1135.0,1310.0,1.1221450011689593,23.38017738369639,70.51791241121009,1.0593599280736963,22.393964498155555,68.93008647160997
201403,1540,23.685480379527363,68.2814990452191,1.4895233470208795,2014,3,1.0,6.123233995736766e-17,2121.0,2342.0,1042.0,1697.0,2.208653578506212,23.501641595496135,68.35455713700675,1.1221450011689593,23.38017738369639,70.51791241121009
201404,1536,23.476728388766066,65.98683530539651,2.6414940398764197,2014,4,0.8660254037844387,-0.4999999999999998,1540.0,2121.0,2342.0,2445.0,1.4895233470208795,23.685480379527363,68.2814990452191,2.208653578506212,23.501641595496135,68.35455713700675
201405,1112,22.656752772159624,68.15270440705518,0.7961300698708182,2014,5,0.49999999999999994,-0.8660254037844387,1536.0,1540.0,2121.0,1157.0,2.6414940398764197,23.476728388766066,65.98683530539651,1.4895233470208795,23.685480379527363,68.2814990452191
201406,1399,22.18345968031708,67.70148701042963,1.1556212979685214,2014,6,1.2246467991473532e-16,-1.0,1112.0,1536.0,1540.0,688.0,0.7961300698708182,22.656752772159624,68.15270440705518,2.6414940398764197,23.476728388766066,65.98683530539651
201407,1295,21.587398932088956,63.40685181204389,1.3088816118772546,2014,7,-0.4999999999999997,-0.8660254037844388,1399.0,1112.0,1536.0,652.0,1.1556212979685214,22.18345968031708,67.70148701042963,0.7961300698708182,22.656752772159624,68.15270440705518
201408,853,21.448031864733355,62.71157869136179,0.8605620262380378,2014,8,-0.8660254037844384,-0.5000000000000004,1295.0,1399.0,1112.0,477.0,1.3088816118772546,21.587398932088956,63.40685181204389,1.1556212979685214,22.18345968031708,67.70148701042963
201409,1043,21.55685860612974,63.33095697758893,1.3944240639303083,2014,9,-1.0,-1.8369701987210297e-16,853.0,1295.0,1399.0,410.0,0.8605620262380378,21.448031864733355,62.71157869136179,1.3088816118772546,21.587398932088956,63.40685181204389
201410,1437,21.906139076349522,63.977649826852804,1.3848420335812992,2014,10,-0.8660254037844386,0.5000000000000001,1043.0,853.0,1295.0,698.0,1.3944240639303083,21.55685860612974,63.33095697758893,0.8605620262380378,21.448031864733355,62.71157869136179
201411,1236,21.910507987365825,65.78278789742656,2.326649166273091,2014,11,-0.5000000000000004,0.8660254037844384,1437.0,1043.0,853.0,1135.0,1.3848420335812992,21.906139076349522,63.977649826852804,1.3944240639303083,21.55685860612974,63.33095697758893
201412,1320,22.552617605939883,68.01901973736857,1.843875735699077,2014,12,-2.4492935982947064e-16,1.0,1236.0,1437.0,1043.0,1042.0,2.326649166273091,21.910507987365825,65.78278789742656,1.3848420335812992,21.906139076349522,63.977649826852804
201501,1596,23.04352360434884,69.6316646451777,2.2086002614075526,2015,1,0.49999999999999994,0.8660254037844387,1320.0,1236.0,1437.0,2342.0,1.843875735699077,22.552617605939883,68.01901973736857,2.326649166273091,21.910507987365825,65.78278789742656
201502,2023,23.63764431940676,72.94301100390855,2.242576119651226,2015,2,0.8660254037844386,0.5000000000000001,1596.0,1320.0,1236.0,2121.0,2.2086002614075526,23.04352360434884,69.6316646451777,1.843875735699077,22.552617605939883,68.01901973736857
201503,2748,23.617103146148157,73.92936192079632,3.6231719751019504,2015,3,1.0,6.123233995736766e-17,2023.0,1596.0,1320.0,1540.0,2.242576119651226,23.63764431940676,72.94301100390855,2.2086002614075526,23.04352360434884,69.6316646451777
201504,8032,23.741515630320137,69.49359534236388,2.4469043602968057,2015,4,0.8660254037844387,-0.4999999999999998,2748.0,2023.0,1596.0,1536.0,3.6231719751019504,23.617103146148157,73.92936192079632,2.242576119651226,23.63764431940676,72.94301100390855
201505,8218,23.194050922693346,68.75052036735136,1.1713386075105248,2015,5,0.49999999999999994,-0.8660254037844387,8032.0,2748.0,2023.0,1112.0,2.4469043602968057,23.741515630320137,69.49359534236388,3.6231719751019504,23.617103146148157,73.92936192079632
201506,6172,22.699193826011776,66.9751574956968,0.790379401838012,2015,6,1.2246467991473532e-16,-1.0,8218.0,8032.0,2748.0,1399.0,1.1713386075105248,23.194050922693346,68.75052036735136,2.4469043602968057,23.741515630320137,69.49359534236388
201507,2721,22.059905683025296,64.55155984679573,1.3760379966704273,2015,7,-0.4999999999999997,-0.8660254037844388,6172.0,8218.0,8032.0,1295.0,0.790379401838012,22.699193826011776,66.9751574956968,1.1713386075105248,23.194050922693346,68.75052036735136
201508,1181,21.987036507620203,63.02560132366993,1.2093709115843085,2015,8,-0.8660254037844384,-0.5000000000000004,2721.0,6172.0,8218.0,853.0,1.3760379966704273,22.059905683025296,64.55155984679573,0.790379401838012,22.699193826011776,66.9751574956968
201509,867,22.64963106387853,62.895973837277715,0.7882979795047692,2015,9,-1.0,-1.8369701987210297e-16,1181.0,2721.0,6172.0,1043.0,1.2093709115843085,21.987036507620203,63.02560132366993,1.3760379966704273,22.059905683025296,64.55155984679573
201510,860,22.86123024733297,64.27251996253054,0.777670303254728,2015,10,-0.8660254037844386,0.5000000000000001,867.0,1181.0,2721.0,1437.0,0.7882979795047692,22.64963106387853,62.895973837277715,1.2093709115843085,21.987036507620203,63.02560132366993
201511,496,22.720736915108446,66.31618683892995,1.1670367429811443,2015,11,-0.5000000000000004,0.8660254037844384,860.0,867.0,1181.0,1236.0,0.777670303254728,22.86123024733297,64.27251996253054,0.7882979795047692,22.64963106387853,62.895973837277715
201512,902,24.177645700190958,65.41844702574379,1.7196440714932397,2015,12,-2.4492935982947064e-16,1.0,496.0,860.0,867.0,1320.0,1.1670367429811443,22.720736915108446,66.31618683892995,0.777670303254728,22.86123024733297,64.27251996253054
201601,2247,24.178592212063347,68.81727158612875,0.5898783497746026,2016,1,0.49999999999999994,0.8660254037844387,902.0,496.0,860.0,1596.0,1.7196440714932397,24.177645700190958,65.41844702574379,1.1670367429811443,22.720736915108446,66.31618683892995
201602,3252,24.737282397041355,72.71890750158084,3.55615666565723,2016,2,0.8660254037844386,0.5000000000000001,2247.0,902.0,496.0,2023.0,0.5898783497746026,24.178592212063347,68.81727158612875,1.7196440714932397,24.177645700190958,65.41844702574379
201603,3432,24.75177943855432,71.75156544838613,2.9591137876008715,2016,3,1.0,6.123233995736766e-17,3252.0,2247.0,902.0,2748.0,3.55615666565723,24.737282397041355,72.71890750158084,0.5898783497746026,24.178592212063347,68.81727158612875
201604,5699,24.056524409283263,68.31249625383835,1.4161837949284424,2016,4,0.8660254037844387,-0.4999999999999998,3432.0,3252.0,2247.0,8032.0,2.9591137876008715,24.75177943855432,71.75156544838613,3.55615666565723,24.737282397041355,72.71890750158084
201605,3877,23.298952235850493,64.88187857258296,1.1813705852171361,2016,5,0.49999999999999994,-0.8660254037844387,5699.0,3432.0,3252.0,8218.0,1.4161837949284424,24.056524409283263,68.31249625383835,2.9591137876008715,24.75177943855432,71.75156544838613
201606,2154,21.678033731930164,65.30808921434948,0.6779113756219413,2016,6,1.2246467991473532e-16,-1.0,3877.0,5699.0,3432.0,6172.0,1.1813705852171361,23.298952235850493,64.88187857258296,1.4161837949284424,24.056524409283263,68.31249625383835
201607,1153,21.288147364192813,65.59962968309434,1.4538462685091766,2016,7,-0.4999999999999997,-0.8660254037844388,2154.0,3877.0,5699.0,2721.0,0.6779113756219413,21.678033731930164,65.30808921434948,1.1813705852171361,23.298952235850493,64.88187857258296
201608,502,21.663982809236817,63.982799430112706,0.722454390972182,2016,8,-0.8660254037844384,-0.5000000000000004,1153.0,2154.0,3877.0,1181.0,1.4538462685091766,21.288147364192813,65.59962968309434,0.6779113756219413,21.678033731930164,65.30808921434948
201609,613,22.055862652768862,62.49056059838166,0.5819414139543934,2016,9,-1.0,-1.8369701987210297e-16,502.0,1153.0,2154.0,867.0,0.722454390972182,21.663982809236817,63.982799430112706,1.4538462685091766,21.288147364192813,65.59962968309434
201610,721,21.832106056778475,64.26808441298628,1.7636378956221297,2016,10,-0.8660254037844386,0.5000000000000001,613.0,502.0,1153.0,860.0,0.5819414139543934,22.055862652768862,62.49056059838166,0.722454390972182,21.663982809236817,63.982799430112706
201611,866,21.97379386147282,63.40951261456193,0.8746443931531932,2016,11,-0.5000000000000004,0.8660254037844384,721.0,613.0,502.0,496.0,1.7636378956221297,21.832106056778475,64.26808441298628,0.5819414139543934,22.055862652768862,62.49056059838166
201612,644,22.53073848418139,69.21487095159567,1.8231438573147825,2016,12,-2.4492935982947064e-16,1.0,866.0,721.0,613.0,902.0,0.8746443931531932,21.97379386147282,63.40951261456193,1.7636378956221297,21.832106056778475,64.26808441298628
201701,1407,23.164389983665952,73.81201938118902,2.6483679601580996,2017,1,0.49999999999999994,0.8660254037844387,644.0,866.0,721.0,2247.0,1.8231438573147825,22.53073848418139,69.21487095159567,0.8746443931531932,21.97379386147282,63.40951261456193
201702,2431,23.408665974182476,76.78200795833799,3.785673720695602,2017,2,0.8660254037844386,0.5000000000000001,1407.0,644.0,866.0,3252.0,2.6483679601580996,23.164389983665952,73.81201938118902,1.8231438573147825,22.53073848418139,69.21487095159567
201703,6866,23.128615277435628,80.57969862815953,6.745919578735297,2017,3,1.0,6.123233995736766e-17,2431.0,1407.0,644.0,3432.0,3.785673720695602,23.408665974182476,76.78200795833799,2.6483679601580996,23.164389983665952,73.81201938118902
201704,27544,23.043793986998658,75.44761902595091,1.587071780379998,2017,4,0.8660254037844387,-0.4999999999999998,6866.0,2431.0,1407.0,5699.0,6.745919578735297,23.128615277435628,80.57969862815953,3.785673720695602,23.408665974182476,76.78200795833799
201705,17475,22.173115645383234,73.48219946369088,1.1650192603703953,2017,5,0.49999999999999994,-0.8660254037844387,27544.0,6866.0,2431.0,3877.0,1.587071780379998,23.043793986998658,75.44761902595091,6.745919578735297,23.128615277435628,80.57969862815953
201706,6663,21.242641722591042,70.06356603208127,1.075078775307185,2017,6,1.2246467991473532e-16,-1.0,17475.0,27544.0,6866.0,2154.0,1.1650192603703953,22.173115645383234,73.48219946369088,1.587071780379998,23.043793986998658,75.44761902595091
201707,2381,20.714984756456342,67.08762870713096,0.30916985057718344,2017,7,-0.4999999999999997,-0.8660254037844388,6663.0,17475.0,27544.0,1153.0,1.075078775307185,21.242641722591042,70.06356603208127,1.1650192603703953,22.173115645383234,73.48219946369088
201708,666,21.078879321030755,63.79092205002519,0.9372653882906362,2017,8,-0.8660254037844384,-0.5000000000000004,2381.0,6663.0,17475.0,502.0,0.30916985057718344,20.714984756456342,67.08762870713096,1.075078775307185,21.242641722591042,70.06356603208127
201709,556,21.416267693258792,63.266929512536116,1.0187454791085782,2017,9,-1.0,-1.8369701987210297e-16,666.0,2381.0,6663.0,613.0,0.9372653882906362,21.078879321030755,63.79092205002519,0.30916985057718344,20.714984756456342,67.08762870713096
201710,743,21.860388345553798,63.97289264873635,1.8727580536591564,2017,10,-0.8660254037844386,0.5000000000000001,556.0,666.0,2381.0,721.0,1.0187454791085782,21.416267693258792,63.266929512536116,0.9372653882906362,21.078879321030755,63.79092205002519
201711,817,21.243058374220755,66.09282357814533,1.6659025856753054,2017,11,-0.5000000000000004,0.8660254037844384,743.0,556.0,666.0,866.0,1.8727580536591564,21.860388345553798,63.97289264873635,1.0187454791085782,21.416267693258792,63.266929512536116
201712,741,22.27214220821912,69.6644582697205,1.2436431833979529,2017,12,-2.4492935982947064e-16,1.0,817.0,743.0,556.0,644.0,1.6659025856753054,21.243058374220755,66.09282357814533,1.8727580536591564,21.860388345553798,63.97289264873635
201801,916,22.714293736731527,71.39956804990908,2.0914962208878127,2018,1,0.49999999999999994,0.8660254037844387,741.0,817.0,743.0,1407.0,1.2436431833979529,22.27214220821912,69.6644582697205,1.6659025856753054,21.243058374220755,66.09282357814533
201802,534,23.173927389580413,71.61490972338812,1.3634559302327407,2018,2,0.8660254037844386,0.5000000000000001,916.0,741.0,817.0,2431.0,2.0914962208878127,22.714293736731527,71.39956804990908,1.2436431833979529,22.27214220821912,69.6644582697205
201803,478,23.618399027802404,68.70305710327168,2.26037634214577,2018,3,1.0,6.123233995736766e-17,534.0,916.0,741.0,6866.0,1.3634559302327407,23.173927389580413,71.61490972338812,2.0914962208878127,22.714293736731527,71.39956804990908
201804,695,23.02210392283927,68.39856991553681,1.4967080535807027,2018,4,0.8660254037844387,-0.4999999999999998,478.0,534.0,916.0,27544.0,2.26037634214577,23.618399027802404,68.70305710327168,1.3634559302327407,23.173927389580413,71.61490972338812
201805,330,22.133225103911855,67.32741688228344,1.4790489064346113,2018,5,0.49999999999999994,-0.8660254037844387,695.0,478.0,534.0,17475.0,1.4967080535807027,23.02210392283927,68.39856991553681,2.26037634214577,23.618399027802404,68.70305710327168
201806,203,21.0252102950014,67.04107735686524,0.3906006568139346,2018,6,1.2246467991473532e-16,-1.0,330.0,695.0,478.0,6663.0,1.4790489064346113,22.133225103911855,67.32741688228344,1.4967080535807027,23.02210392283927,68.39856991553681
201807,180,20.90208515672685,66.00087127482469,0.7464505530197595,2018,7,-0.4999999999999997,-0.8660254037844388,203.0,330.0,695.0,2381.0,0.3906006568139346,21.0252102950014,67.04107735686524,1.4790489064346113,22.133225103911855,67.32741688228344
201808,100,21.15501364308925,63.9418651099371,0.8327282098917497,2018,8,-0.8660254037844384,-0.5000000000000004,180.0,203.0,330.0,666.0,0.7464505530197595,20.90208515672685,66.00087127482469,0.3906006568139346,21.0252102950014,67.04107735686524
201809,131,21.634500179658854,62.597553752516404,0.8433189972368625,2018,9,-1.0,-1.8369701987210297e-16,100.0,180.0,203.0,556.0,0.8327282098917497,21.15501364308925,63.9418651099371,0.7464505530197595,20.90208515672685,66.00087127482469
201810,286,21.405373792402234,66.24975122348464,1.413849516490172,2018,10,-0.8660254037844386,0.5000000000000001,131.0,100.0,180.0,743.0,0.8433189972368625,21.634500179658854,62.597553752516404,0.8327282098917497,21.15501364308925,63.9418651099371
201811,371,22.20866796690511,67.04852955898066,0.8225941796808192,2018,11,-0.5000000000000004,0.8660254037844384,286.0,131.0,100.0,817.0,1.413849516490172,21.405373792402234,66.24975122348464,0.8433189972368625,21.634500179658854,62.597553752516404
201812,474,22.692620257673155,68.62839057049922,2.434914069720187,2018,12,-2.4492935982947064e-16,1.0,371.0,286.0,131.0,741.0,0.8225941796808192,22.20866796690511,67.04852955898066,1.413849516490172,21.405373792402234,66.24975122348464
201901,996,23.52498288925954,71.39847162880754,2.1883485036535864,2019,1,0.49999999999999994,0.8660254037844387,474.0,371.0,286.0,916.0,2.434914069720187,22.692620257673155,68.62839057049922,0.8225941796808192,22.20866796690511,67.04852955898066
201902,584,24.22336952138568,74.38362904605073,2.329778368446571,2019,2,0.8660254037844386,0.5000000000000001,996.0,474.0,371.0,534.0,2.1883485036535864,23.52498288925954,71.39847162880754,2.434914069720187,22.692620257673155,68.62839057049922
201903,859,24.122970631661694,71.40434553182942,3.0207201731001274,2019,3,1.0,6.123233995736766e-17,584.0,996.0,474.0,478.0,2.329778368446571,24.22336952138568,74.38362904605073,2.1883485036535864,23.52498288925954,71.39847162880754
201904,1115,23.591120459299034,68.86682435326736,2.8567733583966586,2019,4,0.8660254037844387,-0.4999999999999998,859.0,584.0,996.0,695.0,3.0207201731001274,24.122970631661694,71.40434553182942,2.329778368446571,24.22336952138568,74.38362904605073
201905,778,22.769537390223732,67.47681964604853,1.031767137022433,2019,5,0.49999999999999994,-0.8660254037844387,1115.0,859.0,584.0,330.0,2.8567733583966586,23.591120459299034,68.86682435326736,3.0207201731001274,24.122970631661694,71.40434553182942
201906,756,21.9125672073169,65.3105758026985,1.659777395621345,2019,6,1.2246467991473532e-16,-1.0,778.0,1115.0,859.0,203.0,1.031767137022433,22.769537390223732,67.47681964604853,2.8567733583966586,23.591120459299034,68.86682435326736
201907,654,21.126328745887065,64.37567820824422,1.0344382483497274,2019,7,-0.4999999999999997,-0.8660254037844388,756.0,778.0,1115.0,180.0,1.659777395621345,21.9125672073169,65.3105758026985,1.031767137022433,22.769537390223732,67.47681964604853
201908,456,21.210243535811735,61.13812624447098,0.6528989250281256,2019,8,-0.8660254037844384,-0.5000000000000004,654.0,756.0,778.0,100.0,1.0344382483497274,21.126328745887065,64.37567820824422,1.659777395621345,21.9125672073169,65.3105758026985
201909,523,21.554514018882223,63.79879485783414,1.3813192294596583,2019,9,-1.0,-1.8369701987210297e-16,456.0,654.0,756.0,131.0,0.6528989250281256,21.210243535811735,61.13812624447098,1.0344382483497274,21.126328745887065,64.37567820824422
201910,1617,21.520386682336476,63.762805565187925,2.5920793040847676,2019,10,-0.8660254037844386,0.5000000000000001,523.0,456.0,654.0,286.0,1.3813192294596583,21.554514018882223,63.79879485783414,0.6528989250281256,21.210243535811735,61.13812624447098
201911,3793,22.208048873484078,67.399467142828,3.050217426437938,2019,11,-0.5000000000000004,0.8660254037844384,1617.0,523.0,456.0,371.0,2.5920793040847676,21.520386682336476,63.762805565187925,1.3813192294596583,21.554514018882223,63.79879485783414
201912,3156,22.75274493620934,71.1800874444352,2.3648132724742243,2019,12,-2.4492935982947064e-16,1.0,3793.0,1617.0,523.0,474.0,3.050217426437938,22.208048873484078,67.399467142828,2.5920793040847676,21.520386682336476,63.762805565187925
202001,4084,23.762901608142865,70.4842429929125,1.131010137780295,2020,1,0.49999999999999994,0.8660254037844387,3156.0,3793.0,1617.0,996.0,2.3648132724742243,22.75274493620934,71.1800874444352,3.050217426437938,22.208048873484078,67.399467142828
202002,4347,24.365141993256124,71.46338651444567,1.9538390978458198,2020,2,0.8660254037844386,0.5000000000000001,4084.0,3156.0,3793.0,584.0,1.131010137780295,23.762901608142865,70.4842429929125,2.3648132724742243,22.75274493620934,71.1800874444352
202003,4624,24.25526706406054,71.16904766686699,2.935119273079886,2020,3,1.0,6.123233995736766e-17,4347.0,4084.0,3156.0,859.0,1.9538390978458198,24.365141993256124,71.46338651444567,1.131010137780295,23.762901608142865,70.4842429929125
202004,5912,23.683774279442478,68.37073730737669,2.010280675768336,2020,4,0.8660254037844387,-0.4999999999999998,4624.0,4347.0,4084.0,1115.0,2.935119273079886,24.25526706406054,71.16904766686699,1.9538390978458198,24.365141993256124,71.46338651444567
202005,3255,22.974324443489053,66.21394770907506,2.226482938685337,2020,5,0.49999999999999994,-0.8660254037844387,5912.0,4624.0,4347.0,778.0,2.010280675768336,23.683774279442478,68.37073730737669,2.935119273079886,24.25526706406054,71.16904766686699
202006,1437,21.38543302490589,66.22139046537134,3.448294464781373,2020,6,1.2246467991473532e-16,-1.0,3255.0,5912.0,4624.0,756.0,2.226482938685337,22.974324443489053,66.21394770907506,2.010280675768336,23.683774279442478,68.37073730737669
202007,1223,20.671426601121258,65.0408596636849,1.6551864607833755,2020,7,-0.4999999999999997,-0.8660254037844388,1437.0,3255.0,5912.0,654.0,3.448294464781373,21.38543302490589,66.22139046537134,2.226482938685337,22.974324443489053,66.21394770907506
202008,1716,20.648621208531363,63.3403373506831,0.6910393696092537,2020,8,-0.8660254037844384,-0.5000000000000004,1223.0,1437.0,3255.0,456.0,1.6551864607833755,20.671426601121258,65.0408596636849,3.448294464781373,21.38543302490589,66.22139046537134
202009,3663,21.20359338102269,63.14392017184487,1.0094871955802354,2020,9,-1.0,-1.8369701987210297e-16,1716.0,1223.0,1437.0,523.0,0.6910393696092537,20.648621208531363,63.3403373506831,1.6551864607833755,20.671426601121258,65.0408596636849
202010,4700,21.92044748391308,63.68843844291478,0.9644107111195492,2020,10,-0.8660254037844386,0.5000000000000001,3663.0,1716.0,1223.0,1617.0,1.0094871955802354,21.20359338102269,63.14392017184487,0.6910393696092537,20.648621208531363,63.3403373506831
202011,6350,21.27654206135389,64.93360031632511,1.5446429809875428,2020,11,-0.5000000000000004,0.8660254037844384,4700.0,3663.0,1716.0,3793.0,0.9644107111195492,21.92044748391308,63.68843844291478,1.0094871955802354,21.20359338102269,63.14392017184487
202012,6621,22.021384816708746,72.1171646067354,1.9754292905122863,2020,12,-2.4492935982947064e-16,1.0,6350.0,4700.0,3663.0,3156.0,1.5446429809875428,21.27654206135389,64.93360031632511,0.9644107111195492,21.92044748391308,63.68843844291478
202101,5677,22.79417310640354,71.88313511757849,3.3756768117693023,2021,1,0.49999999999999994,0.8660254037844387,6621.0,6350.0,4700.0,4084.0,1.9754292905122863,22.021384816708746,72.1171646067354,1.5446429809875428,21.27654206135389,64.93360031632511
202102,3712,23.806628642798977,67.30785860769882,1.3710865830141576,2021,2,0.8660254037844386,0.5000000000000001,5677.0,6621.0,6350.0,4347.0,3.3756768117693023,22.79417310640354,71.88313511757849,1.9754292905122863,22.021384816708746,72.1171646067354
202103,4783,23.411120192556634,70.45694435596617,3.2983203231035008,2021,3,1.0,6.123233995736766e-17,3712.0,5677.0,6621.0,4624.0,1.3710865830141576,23.806628642798977,67.30785860769882,3.3756768117693023,22.79417310640354,71.88313511757849
202104,5014,22.96586593213132,67.69495985526872,2.656146796188408,2021,4,0.8660254037844387,-0.4999999999999998,4783.0,3712.0,5677.0,5912.0,3.2983203231035008,23.411120192556634,70.45694435596617,1.3710865830141576,23.806628642798977,67.30785860769882
202105,3794,21.901253642210573,66.93504012904056,1.0551987152430728,2021,5,0.49999999999999994,-0.8660254037844387,5014.0,4783.0,3712.0,3255.0,2.656146796188408,22.96586593213132,67.69495985526872,3.2983203231035008,23.411120192556634,70.45694435596617
202106,3048,21.320087962229273,66.74671550667718,1.466896483550624,2021,6,1.2246467991473532e-16,-1.0,3794.0,5014.0,4783.0,1437.0,1.0551987152430728,21.901253642210573,66.93504012904056,2.656146796188408,22.96586593213132,67.69495985526872
202107,2513,21.057864789846217,65.41158401051906,0.6835525694354005,2021,7,-0.4999999999999997,-0.8660254037844388,3048.0,3794.0,5014.0,1223.0,1.466896483550624,21.320087962229273,66.74671550667718,1.0551987152430728,21.901253642210573,66.93504012904056
202108,1847,21.169967237756914,64.00631479682859,0.9679364494075965,2021,8,-0.8660254037844384,-0.5000000000000004,2513.0,3048.0,3794.0,1716.0,0.6835525694354005,21.057864789846217,65.41158401051906,1.466896483550624,21.320087962229273,66.74671550667718
202109,2086,21.157440120253753,63.657893676479134,0.7726470417483238,2021,9,-1.0,-1.8369701987210297e-16,1847.0,2513.0,3048.0,3663.0,0.9679364494075965,21.169967237756914,64.00631479682859,0.6835525694354005,21.057864789846217,65.41158401051906
202110,3564,21.514252909453507,64.50912249595571,1.4832186393313238,2021,10,-0.8660254037844386,0.5000000000000001,2086.0,1847.0,2513.0,4700.0,0.7726470417483238,21.157440120253753,63.657893676479134,0.9679364494075965,21.169967237756914,64.00631479682859
202111,4483,21.222860372905874,66.9618029275763,2.0684649131753488,2021,11,-0.5000000000000004,0.8660254037844384,3564.0,2086.0,1847.0,6350.0,1.4832186393313238,21.514252909453507,64.50912249595571,0.7726470417483238,21.157440120253753,63.657893676479134
202112,4270,21.93750983416468,69.83376618302609,2.042928156857084,2021,12,-2.4492935982947064e-16,1.0,4483.0,3564.0,2086.0,6621.0,2.0684649131753488,21.222860372905874,66.9618029275763,1.4832186393313238,21.514252909453507,64.50912249595571
202201,5182,22.688427224043217,71.34146603192436,1.3911301404791008,2022,1,0.49999999999999994,0.8660254037844387,4270.0,4483.0,3564.0,5677.0,2.042928156857084,21.93750983416468,69.83376618302609,2.0684649131753488,21.222860372905874,66.9618029275763
202202,6514,22.624711737763974,71.18235473914946,1.8083150823998655,2022,2,0.8660254037844386,0.5000000000000001,5182.0,4270.0,4483.0,3712.0,1.3911301404791008,22.688427224043217,71.34146603192436,2.042928156857084,21.93750983416468,69.83376618302609
202203,8509,23.156304346802777,70.21856748347373,2.707797523689079,2022,3,1.0,6.123233995736766e-17,6514.0,5182.0,4270.0,4783.0,1.8083150823998655,22.624711737763974,71.18235473914946,1.3911301404791008,22.688427224043217,71.34146603192436
202204,13999,22.340904241047262,69.01951884378153,2.4515631889210896,2022,4,0.8660254037844387,-0.4999999999999998,8509.0,6514.0,5182.0,5014.0,2.707797523689079,23.156304346802777,70.21856748347373,1.8083150823998655,22.624711737763974,71.18235473914946
202205,7648,21.724945341343975,64.95825263329667,1.4394600976904814,2022,5,0.49999999999999994,-0.8660254037844387,13999.0,8509.0,6514.0,3794.0,2.4515631889210896,22.340904241047262,69.01951884378153,2.707797523689079,23.156304346802777,70.21856748347373
202206,3566,20.295785548524368,66.02662588123059,1.2112622878024975,2022,6,1.2246467991473532e-16,-1.0,7648.0,13999.0,8509.0,3048.0,1.4394600976904814,21.724945341343975,64.95825263329667,2.4515631889210896,22.340904241047262,69.01951884378153
202207,2730,20.5248491728632,64.72268284799291,1.0384758809952315,2022,7,-0.4999999999999997,-0.8660254037844388,3566.0,7648.0,13999.0,2513.0,1.2112622878024975,20.295785548524368,66.02662588123059,1.4394600976904814,21.724945341343975,64.95825263329667
202208,1864,20.615001812279253,63.289610854219006,1.076255046530858,2022,8,-0.8660254037844384,-0.5000000000000004,2730.0,3566.0,7648.0,1847.0,1.0384758809952315,20.5248491728632,64.72268284799291,1.2112622878024975,20.295785548524368,66.02662588123059
202209,1770,20.990526439663654,61.4448795501154,0.1912378102645614,2022,9,-1.0,-1.8369701987210297e-16,1864.0,2730.0,3566.0,2086.0,1.076255046530858,20.615001812279253,63.289610854219006,1.0384758809952315,20.5248491728632,64.72268284799291
202210,3013,20.99064890580698,59.68725139215997,1.5209171858990551,2022,10,-0.8660254037844386,0.5000000000000001,1770.0,1864.0,2730.0,3564.0,0.1912378102645614,20.990526439663654,61.4448795501154,1.076255046530858,20.615001812279253,63.289610854219006
202211,4569,21.560429251285463,63.68701166919549,1.6578236330628775,2022,11,-0.5000000000000004,0.8660254037844384,3013.0,1770.0,1864.0,4483.0,1.5209171858990551,20.99064890580698,59.68725139215997,0.1912378102645614,20.990526439663654,61.4448795501154
202212,3853,22.121272000364026,70.65685093336305,1.0080318019704417,2022,12,-2.4492935982947064e-16,1.0,4569.0,3013.0,1770.0,4270.0,1.6578236330628775,21.560429251285463,63.68701166919549,1.5209171858990551,20.99064890580698,59.68725139215997
202301,7993,22.603177451166527,70.52105882611376,2.8229907628675748,2023,1,0.49999999999999994,0.8660254037844387,3853.0,4569.0,3013.0,5182.0,1.0080318019704417,22.121272000364026,70.65685093336305,1.6578236330628775,21.560429251285463,63.68701166919549
202302,8778,23.739394180936074,72.64666871692198,1.6992919558337347,2023,2,0.8660254037844386,0.5000000000000001,7993.0,3853.0,4569.0,6514.0,2.8229907628675748,22.603177451166527,70.52105882611376,1.0080318019704417,22.121272000364026,70.65685093336305
202303,12794,23.577419267274315,76.19350548155634,3.3387850825097005,2023,3,1.0,6.123233995736766e-17,8778.0,7993.0,3853.0,8509.0,1.6992919558337347,23.739394180936074,72.64666871692198,2.8229907628675748,22.603177451166527,70.52105882611376
202304,37593,23.23989469951469,79.88860255225404,5.400123642948038,2023,4,0.8660254037844387,-0.4999999999999998,12794.0,8778.0,7993.0,13999.0,3.3387850825097005,23.577419267274315,76.19350548155634,1.6992919558337347,23.739394180936074,72.64666871692198
202305,68362,23.46014761838263,71.84617067747863,1.8141645392652659,2023,5,0.49999999999999994,-0.8660254037844387,37593.0,12794.0,8778.0,7648.0,5.400123642948038,23.23989469951469,79.88860255225404,3.3387850825097005,23.577419267274315,76.19350548155634
202306,46641,22.59316478874786,69.42676314373179,0.6932732430697971,2023,6,1.2246467991473532e-16,-1.0,68362.0,37593.0,12794.0,3566.0,1.8141645392652659,23.46014761838263,71.84617067747863,5.400123642948038,23.23989469951469,79.88860255225404
202307,31022,22.71519821313973,68.00097618304177,1.733517014242475,2023,7,-0.4999999999999997,-0.8660254037844388,46641.0,68362.0,37593.0,2730.0,0.6932732430697971,22.59316478874786,69.42676314373179,1.8141645392652659,23.46014761838263,71.84617067747863
202308,15318,22.886638119999564,66.12565958334837,0.45001517293537463,2023,8,-0.8660254037844384,-0.5000000000000004,31022.0,46641.0,68362.0,1864.0,1.733517014242475,22.71519821313973,68.00097618304177,0.6932732430697971,22.59316478874786,69.42676314373179
202309,9372,23.088095082682297,65.30594951664709,0.9642140905888574,2023,9,-1.0,-1.8369701987210297e-16,15318.0,31022.0,46641.0,1770.0,0.45001517293537463,22.886638119999564,66.12565958334837,1.733517014242475,22.71519821313973,68.00097618304177
202310,7750,23.075717325232738,68.3699248100245,1.1533900291690662,2023,10,-0.8660254037844386,0.5000000000000001,9372.0,15318.0,31022.0,3013.0,0.9642140905888574,23.088095082682297,65.30594951664709,0.45001517293537463,22.886638119999564,66.12565958334837
202311,6215,22.957113721699805,66.82921891548816,1.8547404204174045,2023,11,-0.5000000000000004,0.8660254037844384,7750.0,9372.0,15318.0,4569.0,1.1533900291690662,23.075717325232738,68.3699248100245,0.9642140905888574,23.088095082682297,65.30594951664709
202312,4803,23.366622146836985,71.22566425918575,2.111017512423135,2023,12,-2.4492935982947064e-16,1.0,6215.0,7750.0,9372.0,3853.0,1.8547404204174045,22.957113721699805,66.82921891548816,1.1533900291690662,23.075717325232738,68.3699248100245
202401,12138,24.313248106521222,73.3208206094593,2.336927457050551,2024,1,0.49999999999999994,0.8660254037844387,4803.0,6215.0,7750.0,7993.0,2.111017512423135,23.366622146836985,71.22566425918575,1.8547404204174045,22.957113721699805,66.82921891548816
202402,37142,24.756668089292805,75.30494816567528,4.858054679053975,2024,2,0.8660254037844386,0.5000000000000001,12138.0,4803.0,6215.0,8778.0,2.336927457050551,24.313248106521222,73.3208206094593,2.111017512423135,23.366622146836985,71.22566425918575
202403,69337,24.770314348073732,70.69751444723914,1.5423341842938936,2024,3,1.0,6.123233995736766e-17,37142.0,12138.0,4803.0,12794.0,4.858054679053975,24.756668089292805,75.30494816567528,2.336927457050551,24.313248106521222,73.3208206094593
202404,96233,23.894937605814356,70.95237259519958,2.158530123846927,2024,4,0.8660254037844387,-0.4999999999999998,69337.0,37142.0,12138.0,37593.0,1.5423341842938936,24.770314348073732,70.69751444723914,4.858054679053975,24.756668089292805,75.30494816567528
202405,32247,22.931725383991377,65.90165529350294,2.736923173481412,2024,5,0.49999999999999994,-0.8660254037844387,96233.0,69337.0,37142.0,68362.0,2.158530123846927,23.894937605814356,70.95237259519958,1.5423341842938936,24.770314348073732,70.69751444723914
202406,7495,21.838452799932217,64.79141571175502,1.0648518245964738,2024,6,1.2246467991473532e-16,-1.0,32247.0,96233.0,69337.0,46641.0,2.736923173481412,22.931725383991377,65.90165529350294,2.158530123846927,23.894937605814356,70.95237259519958
202407,2939,21.40721516226568,63.62236195688501,0.8681579397444606,2024,7,-0.4999999999999997,-0.8660254037844388,7495.0,32247.0,96233.0,31022.0,1.0648518245964738,21.838452799932217,64.79141571175502,2.736923173481412,22.931725383991377,65.90165529350294
202408,1699,21.567207316900955,61.750169161754165,0.7182057180156247,2024,8,-0.8660254037844384,-0.5000000000000004,2939.0,7495.0,32247.0,15318.0,0.8681579397444606,21.40721516226568,63.62236195688501,1.0648518245964738,21.838452799932217,64.79141571175502
202409,2164,21.98394940367383,62.87730304604131,0.3946380227170381,2024,9,-1.0,-1.8369701987210297e-16,1699.0,2939.0,7495.0,9372.0,0.7182057180156247,21.567207316900955,61.750169161754165,0.8681579397444606,21.40721516226568,63.62236195688501
202410,2178,22.505178505583547,63.23457238839577,1.2517928541279957,2024,10,-0.8660254037844386,0.5000000000000001,2164.0,1699.0,2939.0,7750.0,0.3946380227170381,21.98394940367383,62.87730304604131,0.7182057180156247,21.567207316900955,61.750169161754165
202411,3901,21.8950092967572,68.4550403644015,1.4153721448756431,2024,11,-0.5000000000000004,0.8660254037844384,2178.0,2164.0,1699.0,6215.0,1.2517928541279957,22.505178505583547,63.23457238839577,0.3946380227170381,21.98394940367383,62.87730304604131
202412,4058,22.510326021976436,72.1552917141965,2.295566097982329,2024,12,-2.4492935982947064e-16,1.0,3901.0,2178.0,2164.0,4803.0,1.4153721448756431,21.8950092967572,68.4550403644015,1.2517928541279957,22.505178505583547,63.23457238839577
